;;;;;;;;;;;;;;;;;;;;;;;;
;PEDIDO DE MATERIAL MENSAL - /2025;;;;;;;;;;;;;;;;;;;;;;;
;"CLINICA: 
CNPJ: ";;;;;;;;;;;;;;;;;;;;;;;
;CODIGO_PRODUTO;DESCRICAO_PRODUTO;UNIDADE;MARCA;PEDIDO;ESTOQUE ;;;;;;;;;;;;;;;;;;
;823707;Adesivo Bond Mono AllPrime 4ml;UNIDADE OU PECA;ALLPRIME;;;;;;;;;;;;;;;;;;;;
;267013;ADESIVO MONO ADPER SINGLE - BOND2 FR6G;UNIDADE OU PECA;3M;;;;;;;;;;;;;;;;;;;;
;382556;ADESIVO MONO MASTER BOND - FR 5ML BIODINAMICA;UNIDADE OU PECA;BIODINÂMICA;;;;;;;;;;;;;;;;;;;;
;743111;ADESIVO ORTO FIX SER 4G+ACIDO - MAQUIRA;UNIDADE OU PECA;MAQUIRA;;;;;;;;;;;;;;;;;;;;
;356571;ADESIVO ORTO ORTHOCEM - 1 SER 4G + 1 CONDAC 2,5G FGM;UNIDADE OU PECA;FGM;;;;;;;;;;;;;;;;;;;;
;563283;AFASTADOR LABIAL EXPANDEX ADUL - BRANCO 2UN INDUSBELLO;UNIDADE OU PECA;INDUSBELLO;;;;;;;;;;;;;;;;;;;;
;102830;AGULHA GENGIVAL 30G 0,3X21MM CURTA 100UNID.;UNIDADE OU PECA;ALLPRIME;;;;;;;;;;;;;;;;;;;;
;102841;AGULHA GENGIVAL 30G 0,3X30MM LONGA 100UNID.;UNIDADE OU PECA;ALLPRIME;;;;;;;;;;;;;;;;;;;;
;114904;Agulha Endo-Eze Irrigator - Ultradent;UNIDADE OU PECA;ULTRADENT;;;;;;;;;;;;;;;;;;;;
;297874;ALGINATO EZACT KROMM TIPO II - 410G VIGODENT;UNIDADE OU PECA;VIGODENT;;;;;;;;;;;;;;;;;;;;
;819045;Algodăo Hidrófilo 500g 1unid.;UNIDADE OU PECA;CREMER;;;;;;;;;;;;;;;;;;;;
;557671;ALICATE ORTO 346P PRISCILA - REMOVEDOR DE BRAQUETE ZATTY;UNIDADE OU PECA;ZATTY;;;;;;;;;;;;;;;;;;;;
;271041;Anestésico Articaína Articaine 4% 1:100.000 1,8ml 50unid.;UNIDADE OU PECA;DFL;;;;;;;;;;;;;;;;;;;;
;144329;Anestésico Lidocaína Lidostesim AD com Epinefrina 2% 1:100.000 com Vasoconstritor;UNIDADE;DLA;;;;;;;;;;;;;;;;;;;;
;220834;Anestésico Lidocaína SS White 100 1:2.500 1,8ml 50unid.;UNIDADE OU PECA;SS WHITE;;;;;;;;;;;;;;;;;;;;
;220728;ANESTÉSICO TÓPICO BENZOTOP 20% TUTTI-FRUTTI 12G;UNIDADE OU PECA;DFL;;;;;;;;;;;;;;;;;;;;
;572070;Antisséptico Bucal Complete 2L;UNIDADE OU PECA;ORAL-B;;;;;;;;;;;;;;;;;;;;
;413328;APLICADOR AMARRILHO DUP CL - H.PLAS VERM 1UN 7501003 MORELLI;UNIDADE OU PECA;MORELLI;;;;;;;;;;;;;;;;;;;;
;374766;Arco de Aço SS Braided 8 Filamentos Retangular - 0,019x0,025 Inferior;UNIDADE OU PECA;ORTHOMETRIC;;;;;;;;;;;;;;;;;;;;
;374759;Arco de Aço SS Braided 8 Filamentos Retangular - 0,019x0,025 Superior;UNIDADE OU PECA;ORTHOMETRIC;;;;;;;;;;;;;;;;;;;;
;374544;Arco de Aço SS CrNi Redondo - 0,016 Inferior;UNIDADE OU PECA;ORTHOMETRIC;;;;;;;;;;;;;;;;;;;;
;374568;Arco de Aço SS CrNi Redondo - 0,018 Inferior;UNIDADE OU PECA;ORTHOMETRIC;;;;;;;;;;;;;;;;;;;;
;374551;Arco de Aço SS CrNi Redondo - 0,018 Superior;UNIDADE OU PECA;ORTHOMETRIC;;;;;;;;;;;;;;;;;;;;
;374582;Arco de Aço SS CrNi Redondo - 0,020 Inferior;UNIDADE OU PECA;ORTHOMETRIC;;;;;;;;;;;;;;;;;;;;
;374575;Arco de Aço SS CrNi Redondo - 0,020 Superior;UNIDADE OU PECA;ORTHOMETRIC;;;;;;;;;;;;;;;;;;;;
;374629;Arco de Aço SS CrNi Retangular - 0,016x0,022 Inferior;UNIDADE OU PECA;ORTHOMETRIC;;;;;;;;;;;;;;;;;;;;
;374612;Arco de Aço SS CrNi Retangular - 0,016x0,022 Superior;UNIDADE OU PECA;ORTHOMETRIC;;;;;;;;;;;;;;;;;;;;
;374643;Arco de Aço SS CrNi Retangular - 0,017x0,025 Inferior;UNIDADE OU PECA;ORTHOMETRIC;;;;;;;;;;;;;;;;;;;;
;374636;Arco de Aço SS CrNi Retangular - 0,017x0,025 Superior;UNIDADE OU PECA;ORTHOMETRIC;;;;;;;;;;;;;;;;;;;;
;374667;Arco de Aço SS CrNi Retangular - 0,018x0,025 Inferior;UNIDADE OU PECA;ORTHOMETRIC;;;;;;;;;;;;;;;;;;;;
;374650;Arco de Aço SS CrNi Retangular - 0,018x0,025 Superior;UNIDADE OU PECA;ORTHOMETRIC;;;;;;;;;;;;;;;;;;;;
;374681;Arco de Aço SS CrNi Retangular - 0,019x0,025 Inferior;UNIDADE OU PECA;ORTHOMETRIC;;;;;;;;;;;;;;;;;;;;
;374674;Arco de Aço SS CrNi Retangular - 0,019x0,025 Superior;UNIDADE OU PECA;ORTHOMETRIC;;;;;;;;;;;;;;;;;;;;
;373257;Arco Flexy NiTi Superelástico Retangular - 0,017x0,025 Superior;UNIDADE OU PECA;ORTHOMETRIC;;;;;;;;;;;;;;;;;;;;
;373592;Arco Flexy NiTi Thermal 35 Redondo - 0,012 Inferior;UNIDADE OU PECA;ORTHOMETRIC;;;;;;;;;;;;;;;;;;;;
;373585;Arco Flexy NiTi Thermal 35 Redondo - 0,012 Superior;UNIDADE OU PECA;ORTHOMETRIC;;;;;;;;;;;;;;;;;;;;
;373615;Arco Flexy NiTi Thermal 35 Redondo - 0,014 Inferior;UNIDADE OU PECA;ORTHOMETRIC;;;;;;;;;;;;;;;;;;;;
;373608;Arco Flexy NiTi Thermal 35 Redondo - 0,014 Superior;UNIDADE OU PECA;ORTHOMETRIC;;;;;;;;;;;;;;;;;;;;
;373639;Arco Flexy NiTi Thermal 35 Redondo - 0,016 Inferior;UNIDADE OU PECA;ORTHOMETRIC;;;;;;;;;;;;;;;;;;;;
;373622;Arco Flexy NiTi Thermal 35 Redondo - 0,016 Superior;UNIDADE OU PECA;ORTHOMETRIC;;;;;;;;;;;;;;;;;;;;
;373653;Arco Flexy NiTi Thermal 35 Redondo - 0,018 Inferior;UNIDADE OU PECA;ORTHOMETRIC;;;;;;;;;;;;;;;;;;;;
;373646;Arco Flexy NiTi Thermal 35 Redondo - 0,018 Superior;UNIDADE OU PECA;ORTHOMETRIC;;;;;;;;;;;;;;;;;;;;
;373677;Arco Flexy NiTi Thermal 35 Redondo - 0,020 Inferior;UNIDADE OU PECA;ORTHOMETRIC;;;;;;;;;;;;;;;;;;;;
;373660;Arco Flexy NiTi Thermal 35 Redondo - 0,020 Superior;UNIDADE OU PECA;ORTHOMETRIC;;;;;;;;;;;;;;;;;;;;
;545371;Arco Flexy NiTi CURVA REVERSA Retangular - 0,016x0,022 Superior;UNIDADE OU PECA;ORTHOMETRIC;;;;;;;;;;;;;;;;;;;;
;373738;Arco Flexy NiTi Thermal 35 Retangular - 0,017x0,025 Inferior;UNIDADE OU PECA;ORTHOMETRIC;;;;;;;;;;;;;;;;;;;;
;373721;Arco Flexy NiTi Thermal 35 Retangular - 0,017x0,025 Superior;UNIDADE OU PECA;ORTHOMETRIC;;;;;;;;;;;;;;;;;;;;
;373745;Arco Flexy NiTi Thermal 35 Retangular - 0,018x0,025 Superior;UNIDADE OU PECA;ORTHOMETRIC;;;;;;;;;;;;;;;;;;;;
;373776;Arco Flexy NiTi Thermal 35 Retangular - 0,019x0,025 Inferior;UNIDADE OU PECA;ORTHOMETRIC;;;;;;;;;;;;;;;;;;;;
;373769;Arco Flexy NiTi Thermal 35 Retangular - 0,019x0,025 Superior;UNIDADE OU PECA;ORTHOMETRIC;;;;;;;;;;;;;;;;;;;;
;113786;Avental Especial Manga Longa 16GR Branco 10unid.;UNIDADE;DESCARPACK;;;;;;;;;;;;;;;;;;;;
;100252;Babador Impermeável Bibs Verde 100unid.;UNIDADE OU PECA;HOSPFLEX;;;;;;;;;;;;;;;;;;;;
;372021;Babador Impermeável Branco 100unid.;PACOTE;SSPLUS;;;;;;;;;;;;;;;;;;;;
;538014;BARREIRA GENGIVAL GINGI DAM - SERINGA 1G VILLEVIE;UNIDADE OU PECA;VILLEVIE;;;;;;;;;;;;;;;;;;;;
;272239;BARREIRA GENGIVAL TOP DAM BLUE - AZUL 1SER 2G FGM;UNIDADE OU PECA;FGM;;;;;;;;;;;;;;;;;;;;
;417074;Botăo lingual Para Colagem Reto 10UN 3010205;UNIDADE OU PECA;MORELLI;;;;;;;;;;;;;;;;;;;;
;103814;BRAQ ACO AUTO ROTH SLH 022 5X5 - GCH 20UN 1023900 MORELLI;UNIDADE OU PECA;MORELLI;;;;;;;;;;;;;;;;;;;;
;409710;BRAQ ACO AUTO ROTH SLI 022 14/ - 15 GCH 5UN 1014007 MORELLI;UNIDADE OU PECA;MORELLI;;;;;;;;;;;;;;;;;;;;
;409727;BRAQ ACO AUTO ROTH SLI 022 21 - 5UN 1014002 MORELLI;UNIDADE OU PECA;MORELLI;;;;;;;;;;;;;;;;;;;;
;409758;BRAQ ACO AUTO ROTH SLI 022 24/ - 25 GCH 5UN 1014008 MORELLI;UNIDADE OU PECA;MORELLI;;;;;;;;;;;;;;;;;;;;
;409765;BRAQ ACO AUTO ROTH SLI 022 31/ - 41/32/42 5UN 1014009 MORELLI;UNIDADE OU PECA;MORELLI;;;;;;;;;;;;;;;;;;;;
;409796;BRAQ ACO AUTO ROTH SLI 022 35 - GCH 5UN 1014015 MORELLI;UNIDADE OU PECA;MORELLI;;;;;;;;;;;;;;;;;;;;
;409659;BRAQ ACO AUTO SLI ROTH 022 - 5X5GCH C/P 20UN 1014900MORELLI;UNIDADE OU PECA;MORELLI;;;;;;;;;;;;;;;;;;;;
;506853;BRAQ CERAM CERAMIC ROTH 9ş 022 - 5X5GCH C/P 20UN 1011900MORELLI;UNIDADE OU PECA;MORELLI;;;;;;;;;;;;;;;;;;;;
;710137;BROCA CARBIDE CIRUR CON FG 702 - 25MM 1UN PRIMA ANGELUS;UNIDADE OU PECA;PRIMA DENTAL;;;;;;;;;;;;;;;;;;;;
;110281;BROCA CARBIDE CON CORTE CRUZADO PM N° 701L 44,5MM 1UN - ALLPRIME;UNIDADE OU PECA;ALLPRIME;;;;;;;;;;;;;;;;;;;;
;710120;BROCA CARBIDE CON FG 702 19MM - 1UN PRIMA ANGELUS;UNIDADE OU PECA;PRIMA DENTAL;;;;;;;;;;;;;;;;;;;;
;389913;Broca Carbide Tronco Cônica Dentada 44,5mm Nş 702 - PM 1unid.;UNIDADE OU PECA;JET;;;;;;;;;;;;;;;;;;;;
;184266;BROCA CIRURGICA ZEKRYA 21MM - LONGA 1UN ALLPRIME;UNIDADE OU PECA;ALLPRIME;;;;;;;;;;;;;;;;;;;;
;710328;BROCA ENDO Z 23MM N° 152 FG 1UNID.;UNIDADE OU PECA;PRIMA DENTAL;;;;;;;;;;;;;;;;;;;;
;184297;BROCA GATES 28MM Nş 1 CA 1UNID.;UNIDADE OU PECA;ALLPRIME;;;;;;;;;;;;;;;;;;;;
;184303;BROCA GATES 28MM Nş 2 CA 1UNID.;UNIDADE OU PECA;ALLPRIME;;;;;;;;;;;;;;;;;;;;
;332414;BROCA LARGO PEESO 32MM Nş 1 CA 1UNID.;UNIDADE OU PECA;MICRODONT;;;;;;;;;;;;;;;;;;;;
;345438;Ponta Diamantada Esférica FG ;unidade ou peca ;micrODONT;;;;;;;;;;;;;;;;;;;;
;332438;BROCA LARGO PEESO 32MM Nş 3 CA 1UNID.;UNIDADE OU PECA;MICRODONT;;;;;;;;;;;;;;;;;;;;
;603392;Broca de Tungstęnio Maxicut PM - American Burrs;UNIDADE OU PECA;AMERICAN BURRS;;;;;;;;;;;;;;;;;;;;
;508741;Cabo para Espelho Bucal Inox 1unid.;UNIDADE OU PECA;GOLGRAN;;;;;;;;;;;;;;;;;;;;
;323894;Cabo Para Bisturi - Golgran;UNIDADE OU PECA;GOLGRAN;;;;;;;;;;;;;;;;;;;;
;413007;CAIXA APARELHO SORT - 10UN 8004001 MORELLI;UNIDADE OU PECA;MORELLI;;;;;;;;;;;;;;;;;;;;
;705348;CAIXA APARELHO SORT 10UN - LYSANDA;UNIDADE OU PECA;LYSANDA;;;;;;;;;;;;;;;;;;;;
;428599;CAMARA REVELACAO GOLD LINE - S/ILUMINACAO ESSENCE DENTAL VH;UNIDADE OU PECA;ESSENCE DENTAL;;;;;;;;;;;;;;;;;;;;
;383492;CERA 7 ROSA LAMINA - 18UN LYSANDA;UNIDADE OU PECA;LYSANDA;;;;;;;;;;;;;;;;;;;;
;383508;Cera 9 - Lysanda;UNIDADE OU PECA;LYSANDA;;;;;;;;;;;;;;;;;;;;
;553765;CERA ORTODONTICA - 10CAIXAS C/5BASTOES LYSANDA;UNIDADE OU PECA;LYSANDA;;;;;;;;;;;;;;;;;;;;
;384772;CERA ORTODONTICA BRANCA 5CM - 10CAIXAS C/5BASTOES MAQUIRA;UNIDADE OU PECA;MAQUIRA;;;;;;;;;;;;;;;;;;;;
;383515;Cera Utilidade LYSANDA;UNIDADE OU PECA;LYSANDA;;;;;;;;;;;;;;;;;;;;
;383515;CERA UTILIDADE ROSA - 5UN LYSANDA;UNIDADE OU PECA;LYSANDA;;;;;;;;;;;;;;;;;;;;
;137333;Cera Utilidade Triunfo 225g Vermelha;UNIDADE;TRIUNFO;;;;;;;;;;;;;;;;;;;;
;279207;Cimento Endodôntico Endofill Pó 12g;UNIDADE OU PECA;DENTSPLY SIRONA;;;;;;;;;;;;;;;;;;;;
;383942;Cimento Endodôntico MTA Fillapex 4g;UNIDADE OU PECA;ANGELUS;;;;;;;;;;;;;;;;;;;;
;279184;Cimento Endodôntico Obturador Sealer 26 Pó 8g + Resina 9g;UNIDADE OU PECA;DENTSPLY SIRONA;;;;;;;;;;;;;;;;;;;;
;538366;CIMENTO RESIN DUAL ALLCEM CORE - A1 CORP DUPL 6G FGM;UNIDADE OU PECA;FGM;;;;;;;;;;;;;;;;;;;;
;538373;CIMENTO RESIN DUAL ALLCEM CORE - A2 CORP DUPL 6G FGM;UNIDADE OU PECA;FGM;;;;;;;;;;;;;;;;;;;;
;538380;CIMENTO RESIN DUAL ALLCEM CORE - A3 CORP DUPL 6G FGM;UNIDADE OU PECA;FGM;;;;;;;;;;;;;;;;;;;;
;100564;CIMENTO RESIN DUAL FORCE A2 - CORP DUPL 5G MAQUIRA;UNIDADE OU PECA;MAQUIRA;;;;;;;;;;;;;;;;;;;;
;240269;Cimento Forrador de Hidróxido de Cálcio Hydcal - Maquira;UNIDADE OU PECA;MAQUIRA;;;;;;;;;;;;;;;;;;;;
;315356;CLAREAD WHITENESS HP 35% 3PAC - C/TOP DAM FGM;UNIDADE OU PECA;FGM;;;;;;;;;;;;;;;;;;;;
;105145;CLAREAD WHITENESS SIMPLE 22% - 10SER 3G FGM;UNIDADE OU PECA;FGM;;;;;;;;;;;;;;;;;;;;
;546415;CLOREXIDINA CLOREXORAL GEL 2% 3G 2 SERINGAS;UNIDADE OU PECA;BIODINÂMICA;;;;;;;;;;;;;;;;;;;;
;213607;Coletor de Materiais Perfurocortantes 3L 1unid.;UNIDADE OU PECA;DESCARPACK;;;;;;;;;;;;;;;;;;;;
;510454;COLGADURA INDIVIDUAL - TECNODENT;UNIDADE OU PECA;TECNODENT;;;;;;;;;;;;;;;;;;;;
;100545;Compressa de Gaze 9 Fios 7,5x7,5cm 500unid.;UNIDADE OU PECA;ULTRACOTTON;;;;;;;;;;;;;;;;;;;;
;384994;COND ACIDO FLUORIDRICO PORCEL - ACIDO GEL 10% 2,5ML MAQUIRA;UNIDADE OU PECA;MAQUIRA;;;;;;;;;;;;;;;;;;;;
;859980;COND ACIDO FOSFORICO 37% 3SER - ALLPRIME;UNIDADE OU PECA;ALLPRIME;;;;;;;;;;;;;;;;;;;;
;658712;CUNHA ANATOMICA MADEIRA SORT - 100UN AAF;UNIDADE OU PECA;AAF;;;;;;;;;;;;;;;;;;;;
;127661;Dente Delara Anterior Inferior BL2 L38 6unid.;UNIDADE;KULZER;;;;;;;;;;;;;;;;;;;;
;127864;Dente Delara Anterior Superior BL2 T46 6unid.;UNIDADE;KULZER;;;;;;;;;;;;;;;;;;;;
;127585;Dente Delara Posterior Inferior BL2 34L 8unid.;UNIDADE;KULZER;;;;;;;;;;;;;;;;;;;;
;127518;Dente Delara Posterior Superior BL2 34U 8unid.;UNIDADE;KULZER;;;;;;;;;;;;;;;;;;;;
;272222;DESSENSIB DESENSIBILIZE KF2% - SER 2,5G FGM;UNIDADE OU PECA;FGM;;;;;;;;;;;;;;;;;;;;
;101333;Detergente Enzimático Zymedet Gold 5-E 1L;UNIDADE OU PECA;PROLINK;;;;;;;;;;;;;;;;;;;;
;546958;DISCO DIAMANTADO DUPLA FACE PL - EX FINO 1UN MICRODONT;UNIDADE OU PECA;MICRODONT;;;;;;;;;;;;;;;;;;;;
;410365;DISCO LIXA DIAMOND PRO G - 8/12MM 26UN+MANDRIL FGM;UNIDADE OU PECA;FGM;;;;;;;;;;;;;;;;;;;;
;267730;DISCO LIXA SOF-LEX POP ON 1/2 - LARANJA 4931M 30UN 3M;UNIDADE OU PECA;3M;;;;;;;;;;;;;;;;;;;;
;214444;EDTA Trissódico 20ml;UNIDADE OU PECA;BIODINÂMICA;;;;;;;;;;;;;;;;;;;;
;419658;ELASTICO BENGALINHA AZUL - 1000UN 6003308 MORELLI;UNIDADE OU PECA;MORELLI;;;;;;;;;;;;;;;;;;;;
;419627;ELASTICO BENGALINHA AZUL BEBE - 1000UN 6003304 MORELLI;UNIDADE OU PECA;MORELLI;;;;;;;;;;;;;;;;;;;;
;419825;ELASTICO BENGALINHA AZUL CRISTAL - 1000UN 6003354 MORELLI;UNIDADE OU PECA;MORELLI;;;;;;;;;;;;;;;;;;;;
;426168;ELASTICO BENGALINHA BRANCO RENDA - 1000UN 6003327 MORELLI;UNIDADE OU PECA;MORELLI;;;;;;;;;;;;;;;;;;;;
;419603;ELASTICO BENGALINHA CINZA - 1000UN ;UNIDADE OU PECA;MORELLI;;;;;;;;;;;;;;;;;;;;
;426175;ELASTICO BENGALINHA LILAS - 1000UN 6003328 MORELLI;UNIDADE OU PECA;MORELLI;;;;;;;;;;;;;;;;;;;;
;419832;ELASTICO BENGALINHA PINK CRISTAL - 1000UN 6003355 MORELLI;UNIDADE OU PECA;MORELLI;;;;;;;;;;;;;;;;;;;;
;419672;ELASTICO BENGALINHA PRETO - 1000UN 6003311 MORELLI;UNIDADE OU PECA;MORELLI;;;;;;;;;;;;;;;;;;;;
;419771;ELASTICO BENGALINHA ROSA PEROLA - 1000UN 6003326 MORELLI;UNIDADE OU PECA;MORELLI;;;;;;;;;;;;;;;;;;;;
;419696;ELASTICO BENGALINHA ROXO - 1000UN 6003313 MORELLI;UNIDADE OU PECA;MORELLI;;;;;;;;;;;;;;;;;;;;
;419788;ELASTICO BENGALINHA VERDE LIMAO CRISTAL - 1000UN 6003350 MORELLI;UNIDADE OU PECA;MORELLI;;;;;;;;;;;;;;;;;;;;
;419702;ELASTICO BENGALINHA VERDE MAR - 1000UN 6003315 MORELLI;UNIDADE OU PECA;MORELLI;;;;;;;;;;;;;;;;;;;;
;419764;ELASTICO BENGALINHA VERDE PEROLA - 1000UN 6003324 MORELLI;UNIDADE OU PECA;MORELLI;;;;;;;;;;;;;;;;;;;;
;419795;ELASTICO BENGALINHA VERMELHO CRISTAL - 1000UN 6003351 MORELLI;UNIDADE OU PECA;MORELLI;;;;;;;;;;;;;;;;;;;;
;419757;ELASTICO BENGALINHA VINHO - 1000UN 6003322 MORELLI;UNIDADE OU PECA;MORELLI;;;;;;;;;;;;;;;;;;;;
;419726;ELASTICO BENGALINHA  PRATA- 1000UN ;UNIDADE OU PECA;MORELLI;;;;;;;;;;;;;;;;;;;;
;858860;Elástico Corrente Médio 1,5M -  PRATA;UNIDADE OU PECA;ORTHOMETRIC;;;;;;;;;;;;;;;;;;;;
;858761;Elástico Corrente Médio 1,5M - CINZA;UNIDADE OU PECA;ORTHOMETRIC;;;;;;;;;;;;;;;;;;;;
;858846;Elástico Corrente Médio 1,5M - LILAS;UNIDADE OU PECA;ORTHOMETRIC;;;;;;;;;;;;;;;;;;;;
;858723;Elástico Corrente Médio 1,5M - PRETO;UNIDADE OU PECA;ORTHOMETRIC;;;;;;;;;;;;;;;;;;;;
;858747;Elástico Corrente Médio 1,5M - VERDE CRISTAL;UNIDADE OU PECA;ORTHOMETRIC;;;;;;;;;;;;;;;;;;;;
;858730;Elástico Corrente Médio 1,5M - VERDE MAR ;UNIDADE OU PECA;ORTHOMETRIC;;;;;;;;;;;;;;;;;;;;
;112851;Elástico Corrente Médio 1,5M - VERDE PEROLA ;UNIDADE;ORTHOMETRIC;;;;;;;;;;;;;;;;;;;;
;858907;Elástico Corrente Médio 1,5M - VERMEL CRISTAL;UNIDADE OU PECA;ORTHOMETRIC;;;;;;;;;;;;;;;;;;;;
;422580;ELASTICO CORRENTE MEDIO AZUL - 1,5M 6005208 MORELLI;UNIDADE OU PECA;MORELLI;;;;;;;;;;;;;;;;;;;;
;422573;ELASTICO CORRENTE MEDIO AZUL - BEBE 1,5M 6005204 MORELLI;UNIDADE OU PECA;MORELLI;;;;;;;;;;;;;;;;;;;;
;425888;ELASTICO CORRENTE MEDIO AZUL - MAR 1,5M 6005216 MORELLI;UNIDADE OU PECA;MORELLI;;;;;;;;;;;;;;;;;;;;
;419962;ELASTICO CORRENTE MEDIO LARANJ - CRISTAL 1,5M 6005252 MORELLI;UNIDADE OU PECA;MORELLI;;;;;;;;;;;;;;;;;;;;
;419993;ELASTICO CORRENTE MEDIO PINK - CRISTAL 1,5M 6005255 MORELLI;UNIDADE OU PECA;MORELLI;;;;;;;;;;;;;;;;;;;;
;422597;ELASTICO CORRENTE MEDIO PRETO - 1,5M 6005211 MORELLI;UNIDADE OU PECA;MORELLI;;;;;;;;;;;;;;;;;;;;
;422634;ELASTICO CORRENTE MEDIO ROSA - PEROLA 1,5M 6005226 MORELLI;UNIDADE OU PECA;MORELLI;;;;;;;;;;;;;;;;;;;;
;425970;ELASTICO CORRENTE MEDIO ROXO - 1,5M 6005213 MORELLI;UNIDADE OU PECA;MORELLI;;;;;;;;;;;;;;;;;;;;
;426069;ELASTICO CORRENTE MEDIO VINHO - 1,5M 6005222 MORELLI;UNIDADE OU PECA;MORELLI;;;;;;;;;;;;;;;;;;;;
;419511;ELASTICO INTRAORAL LATEX 1/8 - LEVE 1000UN 6001200 MORELLI;UNIDADE OU PECA;MORELLI;;;;;;;;;;;;;;;;;;;;
;421606;ELASTICO INTRAORAL LATEX 1/8 - MEDIO 1000UN 6001310 MORELLI;UNIDADE OU PECA;MORELLI;;;;;;;;;;;;;;;;;;;;
;421637;ELASTICO INTRAORAL LATEX 1/8 - PESADO 1000UN 6001320 MORELLI;UNIDADE OU PECA;MORELLI;;;;;;;;;;;;;;;;;;;;
;421613;ELASTICO INTRAORAL LATEX 3/16 - MEDIO 1000UN 6001311 MORELLI;UNIDADE OU PECA;MORELLI;;;;;;;;;;;;;;;;;;;;
;421644;ELASTICO INTRAORAL LATEX 3/16 - PESADO 1000UN 6001321 MORELLI;UNIDADE OU PECA;MORELLI;;;;;;;;;;;;;;;;;;;;
;419542;ELASTICO INTRAORAL LATEX 5/16 - MEDIO 1000UN 6001205 MORELLI;UNIDADE OU PECA;MORELLI;;;;;;;;;;;;;;;;;;;;
;384956;EMBALAGEM PARA ELASTICO ORTO - 50UN MAQUIRA;UNIDADE OU PECA;MAQUIRA;;;;;;;;;;;;;;;;;;;;
;560862;Enxerto Ósseo Bovino Lumina-Bone - Criteria FINO;UNIDADE OU PECA;CRITERIA;;;;;;;;;;;;;;;;;;;;
;629392;Enxerto Ósseo Bovino Lumina Bone Porous - Criteria;UNIDADE OU PECA;CRITERIA;;;;;;;;;;;;;;;;;;;;
;118644;ESCOVA ALGODAO PARA POLIMENTO PM 22MM - AMERICAN;UNIDADE;AMERICAN BURRS;;;;;;;;;;;;;;;;;;;;
;734621;ESCOVA POLIM ACRIL CLEMARA 25 - 1UN KOTA KNEBEL;UNIDADE OU PECA;KOTA;;;;;;;;;;;;;;;;;;;;
;102600;ESCOVA POLIMENTO FLANELA - 4POL X 12MM NOVA OGP;UNIDADE OU PECA;NOVA OGP;;;;;;;;;;;;;;;;;;;;
;111668;ESCOVA ROBINSON - PINCEL PLANO BR MEDIA MK LIFE;UNIDADE OU PECA;MK LIFE;;;;;;;;;;;;;;;;;;;;
;184723;ESCOVA ROBINSON RETA BRANCA - CA MACIA 1UN ALLPRIME;UNIDADE OU PECA;ALLPRIME;;;;;;;;;;;;;;;;;;;;
;537437;ESCOVA ROBINSON RETA BRANCA CA - MACIA 1UN PREVEN;UNIDADE OU PECA;PREVEN;;;;;;;;;;;;;;;;;;;;
;733778;ESPATULA P/GESSO INOX CABO PLASTICO - NOVA OGP;UNIDADE OU PECA;NOVA OGP;;;;;;;;;;;;;;;;;;;;
;384871;Espátula Plástica para Gesso e Alginato Azul 1unid.;UNIDADE OU PECA;MAQUIRA;;;;;;;;;;;;;;;;;;;;
;324068;Espelho Bucal Plano N°5 1unid.;UNIDADE OU PECA;GOLGRAN;;;;;;;;;;;;;;;;;;;;
;271874;ESPONJA HEMOSTATICA HEMOSPON - 10UN MAQUIRA;UNIDADE OU PECA;MAQUIRA;;;;;;;;;;;;;;;;;;;;
;537536;FICHA RX 14 FUROS PLASTICO - 1UN PREVEN;UNIDADE OU PECA;PREVEN;;;;;;;;;;;;;;;;;;;;
;111133;FICHA RX 2 FUROS PLASTICO - 1UN PREVEN;UNIDADE OU PECA;PREVEN;;;;;;;;;;;;;;;;;;;;
;238693;FILME RADIOGRÁFICO E-SPEED AGFA DENTUS ADULTO 150UNID.;UNIDADE OU PECA;Carestream;;;;;;;;;;;;;;;;;;;;
;418972;FIO ACO DURO ELASTICO RED 36 - ROLO 50G/10M 5501090 MORELLI;UNIDADE OU PECA;MORELLI;;;;;;;;;;;;;;;;;;;;
;124951;Fio de Sutura Nylon 4.0 MT 1/2 Ag. 2,0 cm - Triangular;UNIDADE;SHALON;;;;;;;;;;;;;;;;;;;;
;561586;Fio de Sutura de Nylon Preto 6.0;UNIDADE;PROCARE;;;;;;;;;;;;;;;;;;;;
;561555;Fio de Sutura de Nylon Preto - Procare 3.0;unidade ;procare ;;;;;;;;;;;;;;;;;;;;
;561562;Fio de Sutura Nylon Preto 4.0 CC 3/8 Ag. 2,0 cm 24unid.;UNIDADE OU PECA;PROCARE;;;;;;;;;;;;;;;;;;;;
;838275;FIO DENTAL 100M HILLO;UNIDADE OU PECA;HILLO;;;;;;;;;;;;;;;;;;;;
;287059;FIO RETRATOR RETRAFLEX 000 - ULTRAFINO 250CM BIODINAMICA;UNIDADE OU PECA;BIODINÂMICA;;;;;;;;;;;;;;;;;;;;
;379839;FIO SUTURA NYLON PRETO 4-0 - C/AG 1/2CT 1,5CM 24UN SHALON;UNIDADE OU PECA;SHALON;;;;;;;;;;;;;;;;;;;;
;561241;FIO SUTURA NYLON PRETO 6-0 - C/AG 1/2CT 1,5CM 24UN SHALON;UNIDADE OU PECA;SHALON;;;;;;;;;;;;;;;;;;;;
;629040;FITA BANDA MATRIZ METALICA - 1RL 0,05X5X500MM PREVEN;UNIDADE OU PECA;PREVEN;;;;;;;;;;;;;;;;;;;;
;629057;FITA BANDA MATRIZ METALICA - 1RL 0,05X7X500MM PREVEN;UNIDADE OU PECA;PREVEN;;;;;;;;;;;;;;;;;;;;
;385076;FITA BANDA MATRIZ METALICA - 1RL 5X0,05X500MM MAQUIRA;UNIDADE OU PECA;MAQUIRA;;;;;;;;;;;;;;;;;;;;
;607949;Fita para Autoclave 19mmx30m;UNIDADE OU PECA;SSPLUS;;;;;;;;;;;;;;;;;;;;
;109794;FIXADOR MANUAL SELEKT+ 500ML - KULZER;UNIDADE OU PECA;KULZER;;;;;;;;;;;;;;;;;;;;
;107602;FLUOR GEL ACIDULADO MORANGO - 200ML SSWHITE;UNIDADE OU PECA;SS WHITE;;;;;;;;;;;;;;;;;;;;
;324150;FORCEPS 69 ADULTO - GOLGRAN;UNIDADE OU PECA;GOLGRAN;;;;;;;;;;;;;;;;;;;;
;532586;Formocresol 10ml;UNIDADE OU PECA;MAQUIRA;;;;;;;;;;;;;;;;;;;;
;417104;GANCHO PONTA BOLA CURVO DIR - 10UN 3040003 MORELLI;UNIDADE OU PECA;MORELLI;;;;;;;;;;;;;;;;;;;;
;417111;GANCHO PONTA BOLA CURVO ESQ - 10UN 3040004 MORELLI;UNIDADE OU PECA;MORELLI;;;;;;;;;;;;;;;;;;;;
;672305;GESSO PEDRA DURASTONE G3 - TP III AMARELO 25KG ORALBR;UNIDADE OU PECA;DURASTONE;;;;;;;;;;;;;;;;;;;;
;298215;GESSO PEDRA ESP HEROSTONE - TP IV ROSA 1KG VIGODENT;UNIDADE OU PECA;VIGODENT;;;;;;;;;;;;;;;;;;;;
;606119;GODIVA GODIBAR BASTAO MARROM - 5UN LYSANDA;UNIDADE OU PECA;LYSANDA;;;;;;;;;;;;;;;;;;;;
;229028;GUTAPERCHA ACESSÓRIA 28MM M 120UNID.;UNIDADE OU PECA;TANARI;;;;;;;;;;;;;;;;;;;;
;734416;GUTAPERCHA ACESSÓRIA 35MM FR EL 80UNID.;UNIDADE OU PECA;ODOUS DE DEUS;;;;;;;;;;;;;;;;;;;;
;384338;Guta Percha Acessória Maillefer - FF;UNIDADE OU PECA ;Dentsply Sirona;;;;;;;;;;;;;;;;;;;;
;734430;Guta Percha Acessória - Odous de Deus MXEL;UNIDADE OU PECA;ODOUS DE DEUS;;;;;;;;;;;;;;;;;;;;
;393248;GUTAPERCHA CALIBRADA 28MM Nş 15-40 - 120UNID.;UNIDADE OU PECA;META;;;;;;;;;;;;;;;;;;;;
;126239;Gutapercha Calibrada Nş 15-40 - 120 Unid.;CAIXA COM 120 UNIDADES;TANARI;;;;;;;;;;;;;;;;;;;;
;103535;Gutapercha para Sistema Reciprocante Wave-One Gold Large 60unid.;UNIDADE OU PECA;DENTSPLY SIRONA;;;;;;;;;;;;;;;;;;;;
;103536;GUTAPERCHA PARA SISTEMA RECIPROCANTE WAVE-ONE GOLD MEDIUM CONFORM FIT 60UNID.;UNIDADE OU PECA;DENTSPLY SIRONA;;;;;;;;;;;;;;;;;;;;
;579086;GUTAPERCHA PARA SISTEMA ROTATÓRIO PRO 28MM .04 Nş 35 - 60UNID.;UNIDADE OU PECA;TANARI;;;;;;;;;;;;;;;;;;;;
;142573;Guta-Percha para Sistema Rotatório VDW Rotate ISO 28mm 30.04 - 60unid.;UNIDADE;VDW;;;;;;;;;;;;;;;;;;;;
;142575;Guta-Percha para Sistema Rotatório VDW Rotate ISO 28mm 40.04 - 60unid.;UNIDADE;VDW;;;;;;;;;;;;;;;;;;;;
;119527;GUTAPERCHA TAPER .06 N° 25 - 60UNID.;UNIDADE OU PECA;MK LIFE;;;;;;;;;;;;;;;;;;;;
;130532;Hidróxido de Cálcio com PMCC 1,76g;UNIDADE;FÓRMULA & AÇĂO;;;;;;;;;;;;;;;;;;;;
;571349;Hidróxido de Cálcio Ultra Cal XS 1,2ml + Pontas;UNIDADE OU PECA;ULTRADENT;;;;;;;;;;;;;;;;;;;;
;607963;IONOMERO VID R AUTO MAXXION R - LIQ 8ML FGM;UNIDADE OU PECA;FGM;;;;;;;;;;;;;;;;;;;;
;278309;IONOMERO VID R AUTO MAXXION R - PO A2 10G + LIQ 8ML FGM;UNIDADE OU PECA;FGM;;;;;;;;;;;;;;;;;;;;
;130419;Isolante para Resina Acrílica Isolan Plus 1L;UNIDADE;IMODONTO;;;;;;;;;;;;;;;;;;;;
;567397;ISOLANTE RES ACRILICA 1LITRO - LYSANDA;UNIDADE OU PECA;LYSANDA;;;;;;;;;;;;;;;;;;;;
;137339;Isolante Triunfo 1L;UNIDADE;TRIUNFO;;;;;;;;;;;;;;;;;;;;
;119598;KIT ACABAM/POLIM RES COMP JIFFY POLISHER ESPIRAL 2UN - ULTRADENT;UNIDADE;ULTRADENT;;;;;;;;;;;;;;;;;;;;
;104672;Kit Bráquete Metálico Advanced Séries Roth 0,022 - 100 Casos.;UNIDADE OU PECA;ORTHOMETRIC;;;;;;;;;;;;;;;;;;;;
;390315;Kit Cirúrgico Estéril Pério 30GR;UNIDADE OU PECA;SKY;;;;;;;;;;;;;;;;;;;;
;141132;Kit Cirúrgico Estéril Pério 30gr Branco (Oral Menor);UNIDADE;SP HEALTH;;;;;;;;;;;;;;;;;;;;
;130059;Kit Cirúrgico para Estéril para Implante 30GR;UNIDADE;SP PROTECTION;;;;;;;;;;;;;;;;;;;;
;142889;Kit Polidores de Acrílico PM Ultra-Technique Chama Grande;UNIDADE;AMERICAN BURRS;;;;;;;;;;;;;;;;;;;;
;184556;KIT RESINA COMPLETO C/12UN - ALLPRIME;UNIDADE OU PECA;ALLPRIME;;;;;;;;;;;;;;;;;;;;
;236996;LAMINA BISTURI INOX 15 - 100UN LAMEDID;UNIDADE OU PECA;LAMEDID;;;;;;;;;;;;;;;;;;;;
;318548;LAMINA BISTURI INOX 15C - 100UN LAMEDID;UNIDADE OU PECA;LAMEDID;;;;;;;;;;;;;;;;;;;;
;380927;Lâmina de Bisturi Carbono Nş 15 100und.;UNIDADE OU PECA;SOLIDOR;;;;;;;;;;;;;;;;;;;;
;186000;Lençol de Borracha - AllPrime;UNIDADE OU PECA;ALLPRIME;;;;;;;;;;;;;;;;;;;;
;112757;LIMA FLEX 21MM Nş 15-40 - 6UNID.;UNIDADE OU PECA;MK LIFE;;;;;;;;;;;;;;;;;;;;
;112825;LIMA FLEX 25MM Nş 15-40 - 6UNID.;UNIDADE OU PECA;MK LIFE;;;;;;;;;;;;;;;;;;;;
;112542;LIMA HEDSTROEM 31MM Nş 10 - 6UNID.;UNIDADE OU PECA;MK LIFE;;;;;;;;;;;;;;;;;;;;
;179989;LIMA K 21MM Nş 15-40 - 6UNID.;UNIDADE OU PECA;ALLPRIME;;;;;;;;;;;;;;;;;;;;
;111705;LIMA K 21MM Nş 6 - 6UNID.;UNIDADE OU PECA;MK LIFE;;;;;;;;;;;;;;;;;;;;
;180039;LIMA K 25MM Nş 10 - 6UNID.;UNIDADE OU PECA;ALLPRIME;;;;;;;;;;;;;;;;;;;;
;111903;LIMA K 25MM Nş 15 - 6UNID.;UNIDADE OU PECA;MK LIFE;;;;;;;;;;;;;;;;;;;;
;180152;LIMA K 25MM Nş 15-40 - 6UNID.;UNIDADE OU PECA;ALLPRIME;;;;;;;;;;;;;;;;;;;;
;111880;LIMA K 25MM Nş 8 - 6UNID.;UNIDADE OU PECA;MK LIFE;;;;;;;;;;;;;;;;;;;;
;431452;LIMA K 31MM Nş 10 - 6UNID.;UNIDADE OU PECA;DENTSPLY SIRONA;;;;;;;;;;;;;;;;;;;;
;180206;LIMA K 31MM Nş 15 - 6UNID.;UNIDADE OU PECA;ALLPRIME;;;;;;;;;;;;;;;;;;;;
;133722;Lima Rotatória/Reciprocante ProDesign Logic 25mm - 25.06;UNIDADE OU PECA;EASY;;;;;;;;;;;;;;;;;;;;
;133728;Lima Rotatória/Reciprocante ProDesign Logic 25mm 25mm 35.05 ;unidade ou peca ;eaSY;;;;;;;;;;;;;;;;;;;;
;133748;Lima Rotatória/Reciprocante ProDesign Logic 31mm - 35.05;UNIDADE OU PECA;EASY;;;;;;;;;;;;;;;;;;;;
;111362;LIMA ROTATÓRIA GLIDE PATH 25MM Nş 16.02 - 4UNID.;UNIDADE OU PECA;MK LIFE;;;;;;;;;;;;;;;;;;;;
;111363;Lima Rotatória Orifice Shapper 19mm Nş 17.08 - 4Unid.;UNIDADE OU PECA;MK LIFE;;;;;;;;;;;;;;;;;;;;
;133731;Lima Rotatória/Reciprocante ProDesign Logic 25mm 40.05;UNIDADE OU PECA;easy ;;;;;;;;;;;;;;;;;;;;
;111166;Lima Rotatória Sequence - MK Life;UNIDADE OU PECA;MK LIFE;;;;;;;;;;;;;;;;;;;;
;111161;LIMA ROTATÓRIA SEQUENCE 25MM Nş 15.04/20.06/25.06/35.04 SORTIDA 4UNID.;UNIDADE OU PECA;MK LIFE;;;;;;;;;;;;;;;;;;;;
;385182;Luva Cirúrgica Estéril 6,5 - 1 Par;UNIDADE OU PECA;SUPERMAX;;;;;;;;;;;;;;;;;;;;
;104888;Luva Cirúrgica Estéril Pouch Plástico 6,5 - 1 Par;UNIDADE OU PECA;DESCARPACK;;;;;;;;;;;;;;;;;;;;
;103216;Luva Cirúrgica Estéril Pouch Plástico 7,0 - 1 Par;UNIDADE OU PECA;DESCARPACK;;;;;;;;;;;;;;;;;;;;
;241402;Luva para Procedimento Látex com Pó P 100unid.;UNIDADE OU PECA;SUPERMAX;;;;;;;;;;;;;;;;;;;;
;409161;MANDRIL PM CONICO P/ TIRAS DE LIXA - 61MM 1UN MICRODONT;UNIDADE OU PECA;MICRODONT;;;;;;;;;;;;;;;;;;;;
;125231;Máscara Descartável Tripla com Elástico Branca 50unid.;UNIDADE;SP PROTECTION;;;;;;;;;;;;;;;;;;;;
;561494;MASCARA FACIAL DE PETIT AZUL - 1UN 7050001 MORELLI;UNIDADE OU PECA;MORELLI;;;;;;;;;;;;;;;;;;;;
;561500;MASCARA FACIAL DE PETIT ROSA - 1UN 7050002 MORELLI;UNIDADE OU PECA;MORELLI;;;;;;;;;;;;;;;;;;;;
;560855;Membrana Biológica Bovina Lumina-Coat 20x30mm;UNIDADE OU PECA;CRITERIA;;;;;;;;;;;;;;;;;;;;
;181890;Microaplicador Fino 100unid.;UNIDADE OU PECA;ALLPRIME;;;;;;;;;;;;;;;;;;;;
;181906;Microaplicador Regular 100unid.;UNIDADE OU PECA;ALLPRIME;;;;;;;;;;;;;;;;;;;;
;417593;MOLA ACO FECHADA 1M - 3520061 MORELLI;UNIDADE OU PECA;MORELLI;;;;;;;;;;;;;;;;;;;;
;123247;Mola Fechada Flexy NiTi Para Miniparafuso 12mm;UNIDADE;ORTHOMETRIC;;;;;;;;;;;;;;;;;;;;
;417586;Mola Aberta Ortodôntica de CrNi Para Compressăo;UNIDADE OU PECA;MORELLI;;;;;;;;;;;;;;;;;;;;
;129441;Moldeira Total Adulto Perfurada Média 2unid.;UNIDADE OU PECA;INDUSBELLO;;;;;;;;;;;;;;;;;;;;
;398366;MOLDEIRA TOTAL SUP/INF PERF - PLAST 1A8 16UN MAQUIRA;UNIDADE OU PECA;MAQUIRA;;;;;;;;;;;;;;;;;;;;
;129458;MOLDEIRA TRANSFER PARA IMPLANTE AUTOCLAVÁVEL PERFURADA GRANDE 2UNID.;UNIDADE OU PECA;INDUSBELLO;;;;;;;;;;;;;;;;;;;;
;667738;Mufla N° 6 com Pino;UNIDADE OU PECA;MAC DENTAL;;;;;;;;;;;;;;;;;;;;
;655247;Opacificador Autopolimerizável Opalac Rosa 15ML;UNIDADE OU PECA;DEFAMA;;;;;;;;;;;;;;;;;;;;
;130466;Opacificador Opaclean Rosa Médio 10ml;UNIDADE;IMODONTO;;;;;;;;;;;;;;;;;;;;
;384796;PAPEL CARBONO 100MICRAS BASIC - 12TIRAS AZUL MAQUIRA;UNIDADE OU PECA;MAQUIRA;;;;;;;;;;;;;;;;;;;;
;123081;Pasta de Polimento Diamantada Potenza Specchi PRO - PHS;UNIDADE OU PECA;PHS;;;;;;;;;;;;;;;;;;;;
;213652;PASTA POLIMENTO DIAMOND EXCEL - 1SER 2G FGM;UNIDADE OU PECA;FGM;;;;;;;;;;;;;;;;;;;;
;680447;PASTA POLIMENTO UNIVERSAL - 100ML IVOCLAR/V;UNIDADE OU PECA;IVOCLAR VIVADENT;;;;;;;;;;;;;;;;;;;;
;145319;Pasta Profilática Morango 90g;UNIDADE;ALLPRIME;;;;;;;;;;;;;;;;;;;;
;384741;PASTA PROFILATICA SHINE TUTTI - FRUTTI BISN 90G MAQUIRA;UNIDADE OU PECA;MAQUIRA;;;;;;;;;;;;;;;;;;;;
;336443;PASTA ZINCO ENOLICA - ZINCO 60G+EUGENOL 60G LYSANDA;UNIDADE OU PECA;LYSANDA;;;;;;;;;;;;;;;;;;;;
;560633;PEDRA POMES PO FINA - 1KG ASFER;UNIDADE OU PECA;ASFER;;;;;;;;;;;;;;;;;;;;
;560626;PEDRA POMES PO NORMAL - 1KG ASFER;UNIDADE OU PECA;ASFER;;;;;;;;;;;;;;;;;;;;
;555837;PINCA CURTA POSICIONADORA BRAQ - 7501064 MORELLI;UNIDADE OU PECA;MORELLI;;;;;;;;;;;;;;;;;;;;
;106707;PINO FIBRA VIDRO SUPERPOST+0,5 - LISO 10UN SUPERDONT;UNIDADE OU PECA;SUPERDONT;;;;;;;;;;;;;;;;;;;;
;159752;Pino de Fibra de Vidro Superpost+ Liso N 1 - Superdont;UNIDADE OU PECA;SUPERDONT;;;;;;;;;;;;;;;;;;;;
;163667;Placa para Moldeira de Bruxismo Cristal (Pet-G) - Bio-Art;UNIDADE OU PECA;BIO-ART;;;;;;;;;;;;;;;;;;;;
;513004;PLACA MOLDEIRA QUA - WHITENESS 1MM 5UN FGM;UNIDADE OU PECA;FGM;;;;;;;;;;;;;;;;;;;;
;508888;Placa de Vidro Lisa 0,6mm - Golgran;UNIDADE OU PECA;GOLGRAN;;;;;;;;;;;;;;;;;;;;
;109106;Polidor Jiffy Polisher Cup - Ultradent TAÇA;UNIDADE OU PECA;ULTRADENT;;;;;;;;;;;;;;;;;;;;
;579383;PONTA DE PAPEL ABSORVENTE ABS CELL PACK 26MM M 180UNID.;UNIDADE OU PECA;TANARI;;;;;;;;;;;;;;;;;;;;
;213898;PONTA DE PAPEL ABSORVENTE BULKS 28MM Nş 15-40 - 120UNID.;UNIDADE OU PECA;TANARI;;;;;;;;;;;;;;;;;;;;
;164305;PONTA DE PAPEL ABSORVENTE Nş 15-40 - 200UNID.;UNIDADE OU PECA;ALLPRIME;;;;;;;;;;;;;;;;;;;;
;607659;PONTA DE PAPEL ABSORVENTE Nş 25 - 200UNID.;UNIDADE OU PECA;MK LIFE;;;;;;;;;;;;;;;;;;;;
;607628;PONTA DE PAPEL ABSORVENTE Nş 45-80 - 200UNID.;UNIDADE OU PECA;MK LIFE;;;;;;;;;;;;;;;;;;;;
;557893;Ponta Pedra Ninja - Talmax;UNIDADE;TALMAX;;;;;;;;;;;;;;;;;;;;
;138796;Ponta Ultrassônica Perio B para Scaler;UNIDADE;MICRODONT;;;;;;;;;;;;;;;;;;;;
;-;Ponta Ultrassônica Perio D para Scaler (NĂO TEM NA DENTAL);UNIDADE;-;;;;;;;;;;;;;;;;;;;;
;107122;Ponta Diamantada Invicta Cônica Ponta de Lápis FG - American Burrs;UNIDADE OU PECA;AMERICAN BURRS;;;;;;;;;;;;;;;;;;;;
;324389;PORTA AGULHA MAYO HEGAR 14CM - SIMPLES GOLGRAN;UNIDADE;-;;;;;;;;;;;;;;;;;;;;
;186857;POTE DAPPEN SILICONE PEQUENO - ROSA PREVEN;UNIDADE OU PECA;PREVEN;;;;;;;;;;;;;;;;;;;;
;102603;POTE PALADON VIDRO C/TAMPA - NOVA OGP;UNIDADE OU PECA;NOVA OGP;;;;;;;;;;;;;;;;;;;;
;395396;REEMBASADOR SOFT PROV PO INCOL - 30G +LIQ 30ML + GLAZE 8ML TDV;UNIDADE OU PECA;TDV;;;;;;;;;;;;;;;;;;;;
;395419;REEMBASADOR SOFT REBASE INCOL - PO 30G+LIQ 30ML+GLAZE 8ML TDV;UNIDADE OU PECA;TDV;;;;;;;;;;;;;;;;;;;;
;460568;Reposiçăo Bráquete Metálico Advanced Roth 0,022 - Dental 44 - com Gancho;UNIDADE OU PECA;ORTHOMETRIC;;;;;;;;;;;;;;;;;;;;
;460575;Reposiçăo Bráquete Metálico Advanced Roth 0,022 - Dental 45 - com Gancho;UNIDADE OU PECA;ORTHOMETRIC;;;;;;;;;;;;;;;;;;;;
;460599;Reposiçăo Bráquete Metálico Advanced Roth 0,022 - Dente 34 - com Gancho;UNIDADE OU PECA;ORTHOMETRIC;;;;;;;;;;;;;;;;;;;;
;460605;Reposiçăo Bráquete Metálico Advanced Roth 0,022 - Dente 35 - com Gancho;UNIDADE OU PECA;ORTHOMETRIC;;;;;;;;;;;;;;;;;;;;
;533378;RESINA ACRIL AUTO DENCOR PO 60 - 78G CLASSICO;UNIDADE OU PECA;CLÁSSICO;;;;;;;;;;;;;;;;;;;;
;255843;RESINA ACRIL AUTO DENCOR PO 62 - 78G CLASSICO;UNIDADE OU PECA;CLÁSSICO;;;;;;;;;;;;;;;;;;;;
;255867;RESINA ACRIL AUTO DENCOR PO 69 - 78G CLASSICO;UNIDADE OU PECA;CLÁSSICO;;;;;;;;;;;;;;;;;;;;
;568165;RESINA ACRIL AUTO LIQ - 1L TDV;UNIDADE OU PECA;TDV;;;;;;;;;;;;;;;;;;;;
;568158;RESINA ACRIL AUTO LIQ - 500ML TDV;UNIDADE OU PECA;TDV;;;;;;;;;;;;;;;;;;;;
;568134;RESINA ACRIL AUTO PO - INCOLOR 1KG TDV;UNIDADE OU PECA;TDV;;;;;;;;;;;;;;;;;;;;
;568127;RESINA ACRIL AUTO PO - ROSA 1KG TDV;UNIDADE OU PECA;TDV;;;;;;;;;;;;;;;;;;;;
;533453;RESINA ACRIL TERMO LIQ - 1LITRO CLASSICO;UNIDADE OU PECA;CLÁSSICO;;;;;;;;;;;;;;;;;;;;
;480849;RESINA ACRIL TERMO LIQ - 1LITRO TDV;UNIDADE OU PECA;TDV;;;;;;;;;;;;;;;;;;;;
;525090;Resina Acrílica Termopolimerizável Cril Plus Pó - Vipi - INCOLOR;UNIDADE OU PECA;VIPI;;;;;;;;;;;;;;;;;;;;
;479577;Resina Acrílica Termopolimerizável Cril Plus Pó - Vipi ROSA MEDIO C/V;UNIDADE OU PECA;VIPI;;;;;;;;;;;;;;;;;;;;
;524574;RESINA ACRIL TERMO VIPCRIL STG - GENG PO ROSA MEDIO 15G VIPI;UNIDADE OU PECA;VIPI;;;;;;;;;;;;;;;;;;;;
;524611;RESINA ACRIL TERMO VIPCRIL STG - GENG PO ROSA ROXO 15G VIPI;UNIDADE OU PECA;VIPI;;;;;;;;;;;;;;;;;;;;
;524680;RESINA ACRIL TERMO VIPCRIL STG - GENG PÓ ROSA ROXO R1FS 15G VIPI;UNIDADE OU PECA;VIPI;;;;;;;;;;;;;;;;;;;;
;524635;RESINA ACRIL TERMO VIPCRIL STG - GENG PO ROSA VERM 15G VIPI;UNIDADE OU PECA;VIPI;;;;;;;;;;;;;;;;;;;;
;524970;RESINA ACRIL TERMO VIPI CRIL - PLUS PO INCOLOR 1KG VIPI;UNIDADE OU PECA;VIPI;;;;;;;;;;;;;;;;;;;;
;524987;RESINA ACRIL TERMO VIPI CRIL - PLUS PO ROSA CL C/V 1KG VIPI;UNIDADE OU PECA;VIPI;;;;;;;;;;;;;;;;;;;;
;525007;RESINA ACRIL TERMO VIPI CRIL - PLUS PO ROSA M C/V 1KG VIPI;UNIDADE OU PECA;VIPI;;;;;;;;;;;;;;;;;;;;
;144398;Resina Acrílica Fotopolimerizável Resinlay Pattern Photo Gel Rosa 3g;UNIDADE;TDV;;;;;;;;;;;;;;;;;;;;
;107596;RESINA COMP FORMA OPAQUER - REFILL SER 4G ULTRADENT;UNIDADE OU PECA;ULTRADENT;;;;;;;;;;;;;;;;;;;;
;297966;RESINA COMP MICROH FILL MAGIC - A1E SER 4G VIGODENT;UNIDADE OU PECA;VIGODENT;;;;;;;;;;;;;;;;;;;;
;277388;RESINA COMP MICROH TPH - SPECTRUM A2 SER 4G DENTSPLY;UNIDADE OU PECA;DENTSPLY SIRONA;;;;;;;;;;;;;;;;;;;;
;277395;RESINA COMP MICROH TPH - SPECTRUM A3 SER 4G DENTSPLY;UNIDADE OU PECA;DENTSPLY SIRONA;;;;;;;;;;;;;;;;;;;;
;277401;RESINA COMP MICROH TPH - SPECTRUM A3,5 SER 4G DENTSPLY;UNIDADE OU PECA;DENTSPLY SIRONA;;;;;;;;;;;;;;;;;;;;
;277432;RESINA COMP MICROH TPH - SPECTRUM B2 SER 4G DENTSPLY;UNIDADE OU PECA;DENTSPLY SIRONA;;;;;;;;;;;;;;;;;;;;
;266764;RESINA COMP MICROH Z100 A3 - SER 4G 3M;UNIDADE OU PECA;3M;;;;;;;;;;;;;;;;;;;;
;266771;RESINA COMP MICROH Z100 A3,5 - SER 4G 3M;UNIDADE OU PECA;3M;;;;;;;;;;;;;;;;;;;;
;871364;RESINA COMP NANOH EMPRESS - DIRECT COLOR BR 1G IVOCLAR/V;UNIDADE OU PECA;IVOCLAR VIVADENT;;;;;;;;;;;;;;;;;;;;
;857948;RESINA COMP NANOH FORMA A1B - SER 4G ULTRADENT;UNIDADE OU PECA;ULTRADENT;;;;;;;;;;;;;;;;;;;;
;857825;RESINA COMP NANOH FORMA A1E - SER 4G ULTRADENT;UNIDADE OU PECA;ULTRADENT;;;;;;;;;;;;;;;;;;;;
;857955;RESINA COMP NANOH FORMA A2B - SER 4G ULTRADENT;UNIDADE OU PECA;ULTRADENT;;;;;;;;;;;;;;;;;;;;
;857894;Resina Forma - Ultradent B2E ;UNIDADE OU PECA;ULTRADENT ;;;;;;;;;;;;;;;;;;;;
;121284;RESINA COMP NANOH FORMA A1D ;UNIDADE OU PECA ULTRADENT ;;;;;;;;;;;;;;;;;;;;;
;858037;RESINA COMP NANOH FORMA A2D - SER 4G ULTRADENT;UNIDADE OU PECA;ULTRADENT;;;;;;;;;;;;;;;;;;;;
;113977;Resina Forma - Ultradent BL1;unidade ou peca ;ultradent ;;;;;;;;;;;;;;;;;;;;
;113978;RESINA COMP NANOH FORMA BL2 4G - ULTRADENT;UNIDADE;ULTRADENT;;;;;;;;;;;;;;;;;;;;
;857849;RESINA COMP NANOH FORMA A3E - SER 4G ULTRADENT;UNIDADE OU PECA;ULTRADENT;;;;;;;;;;;;;;;;;;;;
;858044;RESINA COMP NANOH FORMA A3D - SER 4G ULTRADENT;UNIDADE OU PECA;ULTRADENT;;;;;;;;;;;;;;;;;;;;
;122268;RESINA COMP SUPRAN PALFIQUE - LX5 A1 SER 3,8G TOKUYAMA;UNIDADE OU PECA;TOKUYAMA;;;;;;;;;;;;;;;;;;;;
;122275;Resina Palfique LX5 - Tokuyama A2;UNIDADE OU PECA;TOKUYAMA;;;;;;;;;;;;;;;;;;;;
;122404;RESINA COMP SUPRAN PALFIQUE - LX5 BW SER 3,8G TOKUYAMA;UNIDADE OU PECA;TOKUYAMA;;;;;;;;;;;;;;;;;;;;
;122411;RESINA COMP SUPRAN PALFIQUE - LX5 WE SER 3,8G TOKUYAMA;UNIDADE OU PECA;TOKUYAMA;;;;;;;;;;;;;;;;;;;;
;670363;RESINA FLUIDA APPLIC FLOW A1 - SER 2G + 5 PONT MAQUIRA;UNIDADE OU PECA;MAQUIRA;;;;;;;;;;;;;;;;;;;;
;670370;RESINA FLUIDA APPLIC FLOW A2 - SER 2G + 5 PONT MAQUIRA;UNIDADE OU PECA;MAQUIRA;;;;;;;;;;;;;;;;;;;;
;111219;RESINA ORTO BITE AZUL - SER 4GR MAQUIRA;UNIDADE OU PECA;MAQUIRA;;;;;;;;;;;;;;;;;;;;
;125172;Resina Umidificadora Composite Wetting Resin;UNIDADE;ULTRADENT;;;;;;;;;;;;;;;;;;;;
;115918;RESTAURADOR PROVIS 25G LYSANDA;UNIDADE OU PECA;LYSANDA;;;;;;;;;;;;;;;;;;;;
;384734;RESTAURADOR PROVIS OBTUR - C/FLUOR 25G REFIL ROXO MAQUIRA;UNIDADE OU PECA;MAQUIRA;;;;;;;;;;;;;;;;;;;;
;178449;Revelador Radiográfico Manual 500ml;UNIDADE OU PECA;CARESTREAM;;;;;;;;;;;;;;;;;;;;
;109796;Revelador Radiográfico SeleKt+ Manual 500ml;UNIDADE OU PECA;KULZER;;;;;;;;;;;;;;;;;;;;
;117617;Rolo para Esterilizaçăo 10cmx100m;UNIDADE;ALLPRIME;;;;;;;;;;;;;;;;;;;;
;117618;Rolo para Esterilizaçăo 15cmx100m;UNIDADE;ALLPRIME;;;;;;;;;;;;;;;;;;;;
;544015;Rolo para Esterilizaçăo 20cmx100m;UNIDADE OU PECA;HOSPFLEX;;;;;;;;;;;;;;;;;;;;
;795325;Rolo para Esterilizaçăo 20cmx100m Best Care;UNIDADE OU PECA;INJECTA;;;;;;;;;;;;;;;;;;;;
;549126;Rolo para Esterilizaçăo 25cmx100m;UNIDADE OU PECA;HOSPFLEX;;;;;;;;;;;;;;;;;;;;
;117620;Rolo para Esterilizaçăo 30cmx100m;UNIDADE;ALLPRIME;;;;;;;;;;;;;;;;;;;;
;117614;Rolo para Esterilizaçăo 5cmx100m;UNIDADE;ALLPRIME;;;;;;;;;;;;;;;;;;;;
;117616;Rolo para Esterilizaçăo 8cmx100m;UNIDADE;ALLPRIME;;;;;;;;;;;;;;;;;;;;
;767995;Seringa Carpule com Refluxo;UNIDADE OU PECA;ICE;;;;;;;;;;;;;;;;;;;;
;107689;SERINGA DESCARTÁVEL LUER SLIP 10ML COM AGULHA 25X7MM;UNIDADE OU PECA;INJEX;;;;;;;;;;;;;;;;;;;;
;239195;Seringa Descartável Luer Lock 5ml Sem Agulha ;UNIDADE OU PECA;BD ;;;;;;;;;;;;;;;;;;;;
;271072;SILANO AGENTE DE UNIAO/LIGACAO - 5ML ANGELUS;UNIDADE OU PECA;ANGELUS;;;;;;;;;;;;;;;;;;;;
;298444;Silicone de Condensaçăo Perfil Fluido Light Body - Vigodent;UNIDADE OU PECA;VIGODENT;;;;;;;;;;;;;;;;;;;;
;298352;SILICONE CONDENS PERFIL CATAL - 50G VIGODENT;UNIDADE OU PECA;VIGODENT;;;;;;;;;;;;;;;;;;;;
;298451;SILICONE CONDENS PERFIL DENSO - 1KG VIGODENT;UNIDADE OU PECA;VIGODENT;;;;;;;;;;;;;;;;;;;;
;356823;SILICONE CONDENS PERFIL KIT - 1KG + 120G + 50G VIGODENT;UNIDADE OU PECA;VIGODENT;;;;;;;;;;;;;;;;;;;;
;298383;SILICONE CONDENS SPEEDEX CATAL - 60ML;UNIDADE OU PECA;COLTENE;;;;;;;;;;;;;;;;;;;;
;298369;SILICONE CONDENS SPEEDEX PUTTY - SOFT DENSO 1KG;UNIDADE OU PECA;COLTENE;;;;;;;;;;;;;;;;;;;;
;118463;SILICONE LABORAT ZETALABOR - DENSO 5KG+2INDURENT ZHERMACK;UNIDADE OU PECA;ZHERMACK;;;;;;;;;;;;;;;;;;;;
;386844;Soda Clorada - Hiploclorito de Sódio 2,5% 1L;UNIDADE OU PECA;ASFER;;;;;;;;;;;;;;;;;;;;
;476514;Soluçăo Hemostática Hemopare 10ml;UNIDADE OU PECA;MAQUIRA;;;;;;;;;;;;;;;;;;;;
;126818;Soluçăo Injetável de Cloreto de Sódio 0,9% 1000ml 14 Unid.;UNIDADE;BEKER;;;;;;;;;;;;;;;;;;;;
;126816;Soluçăo Injetável de Cloreto de Sódio 0,9% 250ml 50 Unid.;UNIDADE;BEKER;;;;;;;;;;;;;;;;;;;;
;386875;Solvente de Guta Eucaliptol 10ml;UNIDADE OU PECA;ASFER;;;;;;;;;;;;;;;;;;;;
;425338;STOP PARA ARCOS REDONDOS - 25UN 3040020 MORELLI;UNIDADE OU PECA;MORELLI;;;;;;;;;;;;;;;;;;;;
;384833;Sugador Cirúrgico Estéril Descartável 20unid.;UNIDADE OU PECA;MAQUIRA;;;;;;;;;;;;;;;;;;;;
;127720;Sugador Descartável Transparente 40unid.;UNIDADE OU PECA;ALLPRIME;;;;;;;;;;;;;;;;;;;;
;595109;SUGADOR ENDODÔNTICO 20UNID.;UNIDADE OU PECA;SSPLUS;;;;;;;;;;;;;;;;;;;;
;384987;TESTE DE VITALIDADE ENDO ICE - SPRAY 200ML MAQUIRA;UNIDADE OU PECA;MAQUIRA;;;;;;;;;;;;;;;;;;;;
;138001;Teste de Vitalidade Ice Test 200ml;UNIDADE;IODONTOSUL;;;;;;;;;;;;;;;;;;;;
;409116;TIRA LIXA ACO 4MM - 12UN CENTRO NEUTRO MICRODONT;UNIDADE OU PECA;MICRODONT;;;;;;;;;;;;;;;;;;;;
;393200;TIRA LIXA ACO 4MM - 12UN INJECTA;UNIDADE OU PECA;INJECTA;;;;;;;;;;;;;;;;;;;;
;409123;TIRA LIXA ACO 6MM - 12UN CENTRO NEUTRO MICRODONT;UNIDADE OU PECA;MICRODONT;;;;;;;;;;;;;;;;;;;;
;107948;TIRA MATRIZ KDENT 50UN - KDENT;UNIDADE OU PECA;KDENT;;;;;;;;;;;;;;;;;;;;
;357646;Touca Descartável Sanfonada Branca 100unid.;UNIDADE OU PECA;DESCARPACK;;;;;;;;;;;;;;;;;;;;
;422177;Tubo de Proteçăo Plástico - Morelli;UNIDADE OU PECA;MORELLI;;;;;;;;;;;;;;;;;;;;
;433951;Tubo Duplo Conversível Cola Ret Roth 0,022 - Dente 26;UNIDADE OU PECA;ORTHOMETRIC;;;;;;;;;;;;;;;;;;;;
;433975;Tubo Duplo Conversível Cola Ret Roth 0,022 - Dente 36;UNIDADE OU PECA;ORTHOMETRIC;;;;;;;;;;;;;;;;;;;;
;433968;Tubo Duplo Conversível Cola Ret Roth 0,022 - Dente 46;UNIDADE OU PECA;ORTHOMETRIC;;;;;;;;;;;;;;;;;;;;
;425833;Tubo Simples Cola Edgewise/Ricketts 022 - Morelli;UNIDADE OU PECA;MORELLI;;;;;;;;;;;;;;;;;;;;
;416725;Tubo Simples Cola Roth 022 - Morelli 16/17;UNIDADE OU PECA;MORELLI;;;;;;;;;;;;;;;;;;;;
;416732;Tubo Simples Cola Roth 022 - Morelli 26/27 ;UNIDADE OU PECA;ORTHOMETRIC;;;;;;;;;;;;;;;;;;;;
;416756;Tubo Simples Cola Roth 022 - Morelli 36/37;UNIDADE OU PECA;ORTHOMETRIC;;;;;;;;;;;;;;;;;;;;
;416749;Tubo Simples Cola Roth 022 - Morelli 46/47;UNIDADE OU PECA;ORTHOMETRIC;;;;;;;;;;;;;;;;;;;;
;295573;Vaselina Sólida 30g;UNIDADE OU PECA;RIOQUÍMICA;;;;;;;;;;;;;;;;;;;;
;524710;VEIAS PARA PROTESE STG - ROXA  0,1G VIPI;;VIPI;;;;;;;;;;;;;;;;;;;;
;524727;VEIAS PARA PROTESE STG - VERMELHA FRASCO 0,1G VIPI;;VIPI;;;;;;;;;;;;;;;;;;;;
;;;;;;;;;;;;;;;;;;;;;;;;
;;;;;;;;;;;;;;;;;;;;;;;;
;;;;;;;;;;;;;;;;;;;;;;;;
;;;;;;;;;;;;;;;;;;;;;;;;
;;;;;;;;;;;;;;;;;;;;;;;;
;;;;;;;;;;;;;;;;;;;;;;;;
;;;;;;;;;;;;;;;;;;;;;;;;
;;;;;;;;;;;;;;;;;;;;;;;;
;;;;;;;;;;;;;;;;;;;;;;;;
;;;;;;;;;;;;;;;;;;;;;;;;
;;;;;;;;;;;;;;;;;;;;;;;;
;;;;;;;;;;;;;;;;;;;;;;;;
;;;;;;;;;;;;;;;;;;;;;;;;
;;;;;;;;;;;;;;;;;;;;;;;;
;;;;;;;;;;;;;;;;;;;;;;;;
;;;;;;;;;;;;;;;;;;;;;;;;
;;;;;;;;;;;;;;;;;;;;;;;;
;;;;;;;;;;;;;;;;;;;;;;;;
;;;;;;;;;;;;;;;;;;;;;;;;
;;;;;;;;;;;;;;;;;;;;;;;;
;;;;;;;;;;;;;;;;;;;;;;;;
;;;;;;;;;;;;;;;;;;;;;;;;
;;;;;;;;;;;;;;;;;;;;;;;;
;;;;;;;;;;;;;;;;;;;;;;;;
;;;;;;;;;;;;;;;;;;;;;;;;
;;;;;;;;;;;;;;;;;;;;;;;;
;;;;;;;;;;;;;;;;;;;;;;;;
;;;;;;;;;;;;;;;;;;;;;;;;
;;;;;;;;;;;;;;;;;;;;;;;;
;;;;;;;;;;;;;;;;;;;;;;;;
;;;;;;;;;;;;;;;;;;;;;;;;
;;;;;;;;;;;;;;;;;;;;;;;;
;;;;;;;;;;;;;;;;;;;;;;;;
;;;;;;;;;;;;;;;;;;;;;;;;
;;;;;;;;;;;;;;;;;;;;;;;;
;;;;;;;;;;;;;;;;;;;;;;;;
;;;;;;;;;;;;;;;;;;;;;;;;
;;;;;;;;;;;;;;;;;;;;;;;;
;;;;;;;;;;;;;;;;;;;;;;;;
;;;;;;;;;;;;;;;;;;;;;;;;
;;;;;;;;;;;;;;;;;;;;;;;;
;;;;;;;;;;;;;;;;;;;;;;;;
;;;;;;;;;;;;;;;;;;;;;;;;
;;;;;;;;;;;;;;;;;;;;;;;;
;;;;;;;;;;;;;;;;;;;;;;;;
;;;;;;;;;;;;;;;;;;;;;;;;
;;;;;;;;;;;;;;;;;;;;;;;;
;;;;;;;;;;;;;;;;;;;;;;;;
;;;;;;;;;;;;;;;;;;;;;;;;
;;;;;;;;;;;;;;;;;;;;;;;;
;;;;;;;;;;;;;;;;;;;;;;;;
;;;;;;;;;;;;;;;;;;;;;;;;
;;;;;;;;;;;;;;;;;;;;;;;;
;;;;;;;;;;;;;;;;;;;;;;;;
;;;;;;;;;;;;;;;;;;;;;;;;
;;;;;;;;;;;;;;;;;;;;;;;;
;;;;;;;;;;;;;;;;;;;;;;;;
;;;;;;;;;;;;;;;;;;;;;;;;
;;;;;;;;;;;;;;;;;;;;;;;;
;;;;;;;;;;;;;;;;;;;;;;;;
;;;;;;;;;;;;;;;;;;;;;;;;
;;;;;;;;;;;;;;;;;;;;;;;;
;;;;;;;;;;;;;;;;;;;;;;;;
;;;;;;;;;;;;;;;;;;;;;;;;
;;;;;;;;;;;;;;;;;;;;;;;;
;;;;;;;;;;;;;;;;;;;;;;;;
;;;;;;;;;;;;;;;;;;;;;;;;
;;;;;;;;;;;;;;;;;;;;;;;;
;;;;;;;;;;;;;;;;;;;;;;;;
;;;;;;;;;;;;;;;;;;;;;;;;
;;;;;;;;;;;;;;;;;;;;;;;;
;;;;;;;;;;;;;;;;;;;;;;;;
;;;;;;;;;;;;;;;;;;;;;;;;
;;;;;;;;;;;;;;;;;;;;;;;;
;;;;;;;;;;;;;;;;;;;;;;;;
;;;;;;;;;;;;;;;;;;;;;;;;
;;;;;;;;;;;;;;;;;;;;;;;;
;;;;;;;;;;;;;;;;;;;;;;;;
;;;;;;;;;;;;;;;;;;;;;;;;
;;;;;;;;;;;;;;;;;;;;;;;;
;;;;;;;;;;;;;;;;;;;;;;;;
;;;;;;;;;;;;;;;;;;;;;;;;
;;;;;;;;;;;;;;;;;;;;;;;;
;;;;;;;;;;;;;;;;;;;;;;;;
;;;;;;;;;;;;;;;;;;;;;;;;
;;;;;;;;;;;;;;;;;;;;;;;;
;;;;;;;;;;;;;;;;;;;;;;;;
;;;;;;;;;;;;;;;;;;;;;;;;
;;;;;;;;;;;;;;;;;;;;;;;;
;;;;;;;;;;;;;;;;;;;;;;;;
;;;;;;;;;;;;;;;;;;;;;;;;
;;;;;;;;;;;;;;;;;;;;;;;;
;;;;;;;;;;;;;;;;;;;;;;;;
;;;;;;;;;;;;;;;;;;;;;;;;
;;;;;;;;;;;;;;;;;;;;;;;;
;;;;;;;;;;;;;;;;;;;;;;;;
;;;;;;;;;;;;;;;;;;;;;;;;
;;;;;;;;;;;;;;;;;;;;;;;;
;;;;;;;;;;;;;;;;;;;;;;;;
;;;;;;;;;;;;;;;;;;;;;;;;
;;;;;;;;;;;;;;;;;;;;;;;;
;;;;;;;;;;;;;;;;;;;;;;;;
;;;;;;;;;;;;;;;;;;;;;;;;
;;;;;;;;;;;;;;;;;;;;;;;;
;;;;;;;;;;;;;;;;;;;;;;;;
;;;;;;;;;;;;;;;;;;;;;;;;
;;;;;;;;;;;;;;;;;;;;;;;;
;;;;;;;;;;;;;;;;;;;;;;;;
;;;;;;;;;;;;;;;;;;;;;;;;
;;;;;;;;;;;;;;;;;;;;;;;;
;;;;;;;;;;;;;;;;;;;;;;;;
;;;;;;;;;;;;;;;;;;;;;;;;
;;;;;;;;;;;;;;;;;;;;;;;;
;;;;;;;;;;;;;;;;;;;;;;;;
;;;;;;;;;;;;;;;;;;;;;;;;
;;;;;;;;;;;;;;;;;;;;;;;;
;;;;;;;;;;;;;;;;;;;;;;;;
;;;;;;;;;;;;;;;;;;;;;;;;
;;;;;;;;;;;;;;;;;;;;;;;;
;;;;;;;;;;;;;;;;;;;;;;;;
;;;;;;;;;;;;;;;;;;;;;;;;
;;;;;;;;;;;;;;;;;;;;;;;;
;;;;;;;;;;;;;;;;;;;;;;;;
;;;;;;;;;;;;;;;;;;;;;;;;
;;;;;;;;;;;;;;;;;;;;;;;;
;;;;;;;;;;;;;;;;;;;;;;;;
;;;;;;;;;;;;;;;;;;;;;;;;
;;;;;;;;;;;;;;;;;;;;;;;;
;;;;;;;;;;;;;;;;;;;;;;;;
;;;;;;;;;;;;;;;;;;;;;;;;
;;;;;;;;;;;;;;;;;;;;;;;;
;;;;;;;;;;;;;;;;;;;;;;;;
;;;;;;;;;;;;;;;;;;;;;;;;
;;;;;;;;;;;;;;;;;;;;;;;;
;;;;;;;;;;;;;;;;;;;;;;;;
;;;;;;;;;;;;;;;;;;;;;;;;
;;;;;;;;;;;;;;;;;;;;;;;;
;;;;;;;;;;;;;;;;;;;;;;;;
;;;;;;;;;;;;;;;;;;;;;;;;
;;;;;;;;;;;;;;;;;;;;;;;;
;;;;;;;;;;;;;;;;;;;;;;;;
;;;;;;;;;;;;;;;;;;;;;;;;
;;;;;;;;;;;;;;;;;;;;;;;;
;;;;;;;;;;;;;;;;;;;;;;;;
;;;;;;;;;;;;;;;;;;;;;;;;
;;;;;;;;;;;;;;;;;;;;;;;;
;;;;;;;;;;;;;;;;;;;;;;;;
;;;;;;;;;;;;;;;;;;;;;;;;
;;;;;;;;;;;;;;;;;;;;;;;;
;;;;;;;;;;;;;;;;;;;;;;;;
;;;;;;;;;;;;;;;;;;;;;;;;
;;;;;;;;;;;;;;;;;;;;;;;;
;;;;;;;;;;;;;;;;;;;;;;;;
;;;;;;;;;;;;;;;;;;;;;;;;
;;;;;;;;;;;;;;;;;;;;;;;;
;;;;;;;;;;;;;;;;;;;;;;;;
;;;;;;;;;;;;;;;;;;;;;;;;
;;;;;;;;;;;;;;;;;;;;;;;;
;;;;;;;;;;;;;;;;;;;;;;;;
;;;;;;;;;;;;;;;;;;;;;;;;
;;;;;;;;;;;;;;;;;;;;;;;;
;;;;;;;;;;;;;;;;;;;;;;;;
;;;;;;;;;;;;;;;;;;;;;;;;
;;;;;;;;;;;;;;;;;;;;;;;;
;;;;;;;;;;;;;;;;;;;;;;;;
;;;;;;;;;;;;;;;;;;;;;;;;
;;;;;;;;;;;;;;;;;;;;;;;;
;;;;;;;;;;;;;;;;;;;;;;;;
;;;;;;;;;;;;;;;;;;;;;;;;
;;;;;;;;;;;;;;;;;;;;;;;;
;;;;;;;;;;;;;;;;;;;;;;;;
;;;;;;;;;;;;;;;;;;;;;;;;
;;;;;;;;;;;;;;;;;;;;;;;;
;;;;;;;;;;;;;;;;;;;;;;;;
;;;;;;;;;;;;;;;;;;;;;;;;
;;;;;;;;;;;;;;;;;;;;;;;;
;;;;;;;;;;;;;;;;;;;;;;;;
;;;;;;;;;;;;;;;;;;;;;;;;
;;;;;;;;;;;;;;;;;;;;;;;;
;;;;;;;;;;;;;;;;;;;;;;;;
;;;;;;;;;;;;;;;;;;;;;;;;
;;;;;;;;;;;;;;;;;;;;;;;;
;;;;;;;;;;;;;;;;;;;;;;;;
;;;;;;;;;;;;;;;;;;;;;;;;
;;;;;;;;;;;;;;;;;;;;;;;;
;;;;;;;;;;;;;;;;;;;;;;;;
;;;;;;;;;;;;;;;;;;;;;;;;
;;;;;;;;;;;;;;;;;;;;;;;;
;;;;;;;;;;;;;;;;;;;;;;;;
;;;;;;;;;;;;;;;;;;;;;;;;
;;;;;;;;;;;;;;;;;;;;;;;;
;;;;;;;;;;;;;;;;;;;;;;;;
;;;;;;;;;;;;;;;;;;;;;;;;
;;;;;;;;;;;;;;;;;;;;;;;;
;;;;;;;;;;;;;;;;;;;;;;;;
;;;;;;;;;;;;;;;;;;;;;;;;
;;;;;;;;;;;;;;;;;;;;;;;;
;;;;;;;;;;;;;;;;;;;;;;;;
;;;;;;;;;;;;;;;;;;;;;;;;
;;;;;;;;;;;;;;;;;;;;;;;;
;;;;;;;;;;;;;;;;;;;;;;;;
;;;;;;;;;;;;;;;;;;;;;;;;
;;;;;;;;;;;;;;;;;;;;;;;;
;;;;;;;;;;;;;;;;;;;;;;;;
;;;;;;;;;;;;;;;;;;;;;;;;
;;;;;;;;;;;;;;;;;;;;;;;;
;;;;;;;;;;;;;;;;;;;;;;;;
;;;;;;;;;;;;;;;;;;;;;;;;
;;;;;;;;;;;;;;;;;;;;;;;;
;;;;;;;;;;;;;;;;;;;;;;;;
;;;;;;;;;;;;;;;;;;;;;;;;
;;;;;;;;;;;;;;;;;;;;;;;;
;;;;;;;;;;;;;;;;;;;;;;;;
;;;;;;;;;;;;;;;;;;;;;;;;
;;;;;;;;;;;;;;;;;;;;;;;;
;;;;;;;;;;;;;;;;;;;;;;;;
;;;;;;;;;;;;;;;;;;;;;;;;
;;;;;;;;;;;;;;;;;;;;;;;;
;;;;;;;;;;;;;;;;;;;;;;;;
;;;;;;;;;;;;;;;;;;;;;;;;
;;;;;;;;;;;;;;;;;;;;;;;;
;;;;;;;;;;;;;;;;;;;;;;;;
;;;;;;;;;;;;;;;;;;;;;;;;
;;;;;;;;;;;;;;;;;;;;;;;;
;;;;;;;;;;;;;;;;;;;;;;;;
;;;;;;;;;;;;;;;;;;;;;;;;
;;;;;;;;;;;;;;;;;;;;;;;;
;;;;;;;;;;;;;;;;;;;;;;;;
;;;;;;;;;;;;;;;;;;;;;;;;
;;;;;;;;;;;;;;;;;;;;;;;;
;;;;;;;;;;;;;;;;;;;;;;;;
;;;;;;;;;;;;;;;;;;;;;;;;
;;;;;;;;;;;;;;;;;;;;;;;;
;;;;;;;;;;;;;;;;;;;;;;;;
;;;;;;;;;;;;;;;;;;;;;;;;
;;;;;;;;;;;;;;;;;;;;;;;;
;;;;;;;;;;;;;;;;;;;;;;;;
;;;;;;;;;;;;;;;;;;;;;;;;
;;;;;;;;;;;;;;;;;;;;;;;;
;;;;;;;;;;;;;;;;;;;;;;;;
;;;;;;;;;;;;;;;;;;;;;;;;
;;;;;;;;;;;;;;;;;;;;;;;;
;;;;;;;;;;;;;;;;;;;;;;;;
;;;;;;;;;;;;;;;;;;;;;;;;
;;;;;;;;;;;;;;;;;;;;;;;;
;;;;;;;;;;;;;;;;;;;;;;;;
;;;;;;;;;;;;;;;;;;;;;;;;
;;;;;;;;;;;;;;;;;;;;;;;;
;;;;;;;;;;;;;;;;;;;;;;;;
;;;;;;;;;;;;;;;;;;;;;;;;
;;;;;;;;;;;;;;;;;;;;;;;;
;;;;;;;;;;;;;;;;;;;;;;;;
;;;;;;;;;;;;;;;;;;;;;;;;
;;;;;;;;;;;;;;;;;;;;;;;;
;;;;;;;;;;;;;;;;;;;;;;;;
;;;;;;;;;;;;;;;;;;;;;;;;
;;;;;;;;;;;;;;;;;;;;;;;;
;;;;;;;;;;;;;;;;;;;;;;;;
;;;;;;;;;;;;;;;;;;;;;;;;
;;;;;;;;;;;;;;;;;;;;;;;;
;;;;;;;;;;;;;;;;;;;;;;;;
;;;;;;;;;;;;;;;;;;;;;;;;
;;;;;;;;;;;;;;;;;;;;;;;;
;;;;;;;;;;;;;;;;;;;;;;;;
;;;;;;;;;;;;;;;;;;;;;;;;
;;;;;;;;;;;;;;;;;;;;;;;;
;;;;;;;;;;;;;;;;;;;;;;;;
;;;;;;;;;;;;;;;;;;;;;;;;
;;;;;;;;;;;;;;;;;;;;;;;;
;;;;;;;;;;;;;;;;;;;;;;;;
;;;;;;;;;;;;;;;;;;;;;;;;
;;;;;;;;;;;;;;;;;;;;;;;;
;;;;;;;;;;;;;;;;;;;;;;;;
;;;;;;;;;;;;;;;;;;;;;;;;
;;;;;;;;;;;;;;;;;;;;;;;;
;;;;;;;;;;;;;;;;;;;;;;;;
;;;;;;;;;;;;;;;;;;;;;;;;
;;;;;;;;;;;;;;;;;;;;;;;;
;;;;;;;;;;;;;;;;;;;;;;;;
;;;;;;;;;;;;;;;;;;;;;;;;
;;;;;;;;;;;;;;;;;;;;;;;;
;;;;;;;;;;;;;;;;;;;;;;;;
;;;;;;;;;;;;;;;;;;;;;;;;
;;;;;;;;;;;;;;;;;;;;;;;;
;;;;;;;;;;;;;;;;;;;;;;;;
;;;;;;;;;;;;;;;;;;;;;;;;
;;;;;;;;;;;;;;;;;;;;;;;;
;;;;;;;;;;;;;;;;;;;;;;;;
;;;;;;;;;;;;;;;;;;;;;;;;
;;;;;;;;;;;;;;;;;;;;;;;;
;;;;;;;;;;;;;;;;;;;;;;;;
;;;;;;;;;;;;;;;;;;;;;;;;
;;;;;;;;;;;;;;;;;;;;;;;;
;;;;;;;;;;;;;;;;;;;;;;;;
;;;;;;;;;;;;;;;;;;;;;;;;
;;;;;;;;;;;;;;;;;;;;;;;;
;;;;;;;;;;;;;;;;;;;;;;;;
;;;;;;;;;;;;;;;;;;;;;;;;
;;;;;;;;;;;;;;;;;;;;;;;;
;;;;;;;;;;;;;;;;;;;;;;;;
;;;;;;;;;;;;;;;;;;;;;;;;
;;;;;;;;;;;;;;;;;;;;;;;;
;;;;;;;;;;;;;;;;;;;;;;;;
;;;;;;;;;;;;;;;;;;;;;;;;
;;;;;;;;;;;;;;;;;;;;;;;;
;;;;;;;;;;;;;;;;;;;;;;;;
;;;;;;;;;;;;;;;;;;;;;;;;
;;;;;;;;;;;;;;;;;;;;;;;;
;;;;;;;;;;;;;;;;;;;;;;;;
;;;;;;;;;;;;;;;;;;;;;;;;
;;;;;;;;;;;;;;;;;;;;;;;;
;;;;;;;;;;;;;;;;;;;;;;;;
;;;;;;;;;;;;;;;;;;;;;;;;
;;;;;;;;;;;;;;;;;;;;;;;;
;;;;;;;;;;;;;;;;;;;;;;;;
;;;;;;;;;;;;;;;;;;;;;;;;
;;;;;;;;;;;;;;;;;;;;;;;;
;;;;;;;;;;;;;;;;;;;;;;;;
;;;;;;;;;;;;;;;;;;;;;;;;
;;;;;;;;;;;;;;;;;;;;;;;;
;;;;;;;;;;;;;;;;;;;;;;;;
;;;;;;;;;;;;;;;;;;;;;;;;
;;;;;;;;;;;;;;;;;;;;;;;;
;;;;;;;;;;;;;;;;;;;;;;;;
;;;;;;;;;;;;;;;;;;;;;;;;
;;;;;;;;;;;;;;;;;;;;;;;;
;;;;;;;;;;;;;;;;;;;;;;;;
;;;;;;;;;;;;;;;;;;;;;;;;
;;;;;;;;;;;;;;;;;;;;;;;;
;;;;;;;;;;;;;;;;;;;;;;;;
;;;;;;;;;;;;;;;;;;;;;;;;
;;;;;;;;;;;;;;;;;;;;;;;;
;;;;;;;;;;;;;;;;;;;;;;;;
;;;;;;;;;;;;;;;;;;;;;;;;
;;;;;;;;;;;;;;;;;;;;;;;;
;;;;;;;;;;;;;;;;;;;;;;;;
;;;;;;;;;;;;;;;;;;;;;;;;
;;;;;;;;;;;;;;;;;;;;;;;;
;;;;;;;;;;;;;;;;;;;;;;;;
;;;;;;;;;;;;;;;;;;;;;;;;
;;;;;;;;;;;;;;;;;;;;;;;;
;;;;;;;;;;;;;;;;;;;;;;;;
;;;;;;;;;;;;;;;;;;;;;;;;
;;;;;;;;;;;;;;;;;;;;;;;;
;;;;;;;;;;;;;;;;;;;;;;;;
;;;;;;;;;;;;;;;;;;;;;;;;
;;;;;;;;;;;;;;;;;;;;;;;;
;;;;;;;;;;;;;;;;;;;;;;;;
;;;;;;;;;;;;;;;;;;;;;;;;
;;;;;;;;;;;;;;;;;;;;;;;;
;;;;;;;;;;;;;;;;;;;;;;;;
;;;;;;;;;;;;;;;;;;;;;;;;
;;;;;;;;;;;;;;;;;;;;;;;;
;;;;;;;;;;;;;;;;;;;;;;;;
;;;;;;;;;;;;;;;;;;;;;;;;
;;;;;;;;;;;;;;;;;;;;;;;;
;;;;;;;;;;;;;;;;;;;;;;;;
;;;;;;;;;;;;;;;;;;;;;;;;
;;;;;;;;;;;;;;;;;;;;;;;;
;;;;;;;;;;;;;;;;;;;;;;;;
;;;;;;;;;;;;;;;;;;;;;;;;
;;;;;;;;;;;;;;;;;;;;;;;;
;;;;;;;;;;;;;;;;;;;;;;;;
;;;;;;;;;;;;;;;;;;;;;;;;
;;;;;;;;;;;;;;;;;;;;;;;;
;;;;;;;;;;;;;;;;;;;;;;;;
;;;;;;;;;;;;;;;;;;;;;;;;
;;;;;;;;;;;;;;;;;;;;;;;;
;;;;;;;;;;;;;;;;;;;;;;;;
;;;;;;;;;;;;;;;;;;;;;;;;
;;;;;;;;;;;;;;;;;;;;;;;;
;;;;;;;;;;;;;;;;;;;;;;;;
;;;;;;;;;;;;;;;;;;;;;;;;
;;;;;;;;;;;;;;;;;;;;;;;;
;;;;;;;;;;;;;;;;;;;;;;;;
;;;;;;;;;;;;;;;;;;;;;;;;
;;;;;;;;;;;;;;;;;;;;;;;;
;;;;;;;;;;;;;;;;;;;;;;;;
;;;;;;;;;;;;;;;;;;;;;;;;
;;;;;;;;;;;;;;;;;;;;;;;;
;;;;;;;;;;;;;;;;;;;;;;;;
;;;;;;;;;;;;;;;;;;;;;;;;
;;;;;;;;;;;;;;;;;;;;;;;;
;;;;;;;;;;;;;;;;;;;;;;;;
;;;;;;;;;;;;;;;;;;;;;;;;
;;;;;;;;;;;;;;;;;;;;;;;;
;;;;;;;;;;;;;;;;;;;;;;;;
;;;;;;;;;;;;;;;;;;;;;;;;
;;;;;;;;;;;;;;;;;;;;;;;;
;;;;;;;;;;;;;;;;;;;;;;;;
;;;;;;;;;;;;;;;;;;;;;;;;
;;;;;;;;;;;;;;;;;;;;;;;;
;;;;;;;;;;;;;;;;;;;;;;;;
;;;;;;;;;;;;;;;;;;;;;;;;
;;;;;;;;;;;;;;;;;;;;;;;;
;;;;;;;;;;;;;;;;;;;;;;;;
;;;;;;;;;;;;;;;;;;;;;;;;
;;;;;;;;;;;;;;;;;;;;;;;;
;;;;;;;;;;;;;;;;;;;;;;;;
;;;;;;;;;;;;;;;;;;;;;;;;
;;;;;;;;;;;;;;;;;;;;;;;;
;;;;;;;;;;;;;;;;;;;;;;;;
;;;;;;;;;;;;;;;;;;;;;;;;
;;;;;;;;;;;;;;;;;;;;;;;;
;;;;;;;;;;;;;;;;;;;;;;;;
;;;;;;;;;;;;;;;;;;;;;;;;
;;;;;;;;;;;;;;;;;;;;;;;;
;;;;;;;;;;;;;;;;;;;;;;;;
;;;;;;;;;;;;;;;;;;;;;;;;
;;;;;;;;;;;;;;;;;;;;;;;;
;;;;;;;;;;;;;;;;;;;;;;;;
;;;;;;;;;;;;;;;;;;;;;;;;
;;;;;;;;;;;;;;;;;;;;;;;;
;;;;;;;;;;;;;;;;;;;;;;;;
;;;;;;;;;;;;;;;;;;;;;;;;
;;;;;;;;;;;;;;;;;;;;;;;;
;;;;;;;;;;;;;;;;;;;;;;;;
;;;;;;;;;;;;;;;;;;;;;;;;
;;;;;;;;;;;;;;;;;;;;;;;;
;;;;;;;;;;;;;;;;;;;;;;;;
;;;;;;;;;;;;;;;;;;;;;;;;
;;;;;;;;;;;;;;;;;;;;;;;;
;;;;;;;;;;;;;;;;;;;;;;;;
;;;;;;;;;;;;;;;;;;;;;;;;
;;;;;;;;;;;;;;;;;;;;;;;;
;;;;;;;;;;;;;;;;;;;;;;;;
;;;;;;;;;;;;;;;;;;;;;;;;
;;;;;;;;;;;;;;;;;;;;;;;;
;;;;;;;;;;;;;;;;;;;;;;;;
;;;;;;;;;;;;;;;;;;;;;;;;
;;;;;;;;;;;;;;;;;;;;;;;;
;;;;;;;;;;;;;;;;;;;;;;;;
;;;;;;;;;;;;;;;;;;;;;;;;
;;;;;;;;;;;;;;;;;;;;;;;;
;;;;;;;;;;;;;;;;;;;;;;;;
;;;;;;;;;;;;;;;;;;;;;;;;
;;;;;;;;;;;;;;;;;;;;;;;;
;;;;;;;;;;;;;;;;;;;;;;;;
;;;;;;;;;;;;;;;;;;;;;;;;
;;;;;;;;;;;;;;;;;;;;;;;;
;;;;;;;;;;;;;;;;;;;;;;;;
;;;;;;;;;;;;;;;;;;;;;;;;
;;;;;;;;;;;;;;;;;;;;;;;;
;;;;;;;;;;;;;;;;;;;;;;;;
;;;;;;;;;;;;;;;;;;;;;;;;
;;;;;;;;;;;;;;;;;;;;;;;;
;;;;;;;;;;;;;;;;;;;;;;;;
;;;;;;;;;;;;;;;;;;;;;;;;
;;;;;;;;;;;;;;;;;;;;;;;;
;;;;;;;;;;;;;;;;;;;;;;;;
;;;;;;;;;;;;;;;;;;;;;;;;
;;;;;;;;;;;;;;;;;;;;;;;;
;;;;;;;;;;;;;;;;;;;;;;;;
;;;;;;;;;;;;;;;;;;;;;;;;
;;;;;;;;;;;;;;;;;;;;;;;;
;;;;;;;;;;;;;;;;;;;;;;;;
;;;;;;;;;;;;;;;;;;;;;;;;
;;;;;;;;;;;;;;;;;;;;;;;;
;;;;;;;;;;;;;;;;;;;;;;;;
;;;;;;;;;;;;;;;;;;;;;;;;
;;;;;;;;;;;;;;;;;;;;;;;;
;;;;;;;;;;;;;;;;;;;;;;;;
;;;;;;;;;;;;;;;;;;;;;;;;
;;;;;;;;;;;;;;;;;;;;;;;;
;;;;;;;;;;;;;;;;;;;;;;;;
;;;;;;;;;;;;;;;;;;;;;;;;
;;;;;;;;;;;;;;;;;;;;;;;;
;;;;;;;;;;;;;;;;;;;;;;;;
;;;;;;;;;;;;;;;;;;;;;;;;
;;;;;;;;;;;;;;;;;;;;;;;;
;;;;;;;;;;;;;;;;;;;;;;;;
;;;;;;;;;;;;;;;;;;;;;;;;
;;;;;;;;;;;;;;;;;;;;;;;;
;;;;;;;;;;;;;;;;;;;;;;;;
;;;;;;;;;;;;;;;;;;;;;;;;
;;;;;;;;;;;;;;;;;;;;;;;;
;;;;;;;;;;;;;;;;;;;;;;;;
;;;;;;;;;;;;;;;;;;;;;;;;
;;;;;;;;;;;;;;;;;;;;;;;;
;;;;;;;;;;;;;;;;;;;;;;;;
;;;;;;;;;;;;;;;;;;;;;;;;
;;;;;;;;;;;;;;;;;;;;;;;;
;;;;;;;;;;;;;;;;;;;;;;;;
;;;;;;;;;;;;;;;;;;;;;;;;
;;;;;;;;;;;;;;;;;;;;;;;;
;;;;;;;;;;;;;;;;;;;;;;;;
;;;;;;;;;;;;;;;;;;;;;;;;
;;;;;;;;;;;;;;;;;;;;;;;;
;;;;;;;;;;;;;;;;;;;;;;;;
;;;;;;;;;;;;;;;;;;;;;;;;
;;;;;;;;;;;;;;;;;;;;;;;;
;;;;;;;;;;;;;;;;;;;;;;;;
;;;;;;;;;;;;;;;;;;;;;;;;
;;;;;;;;;;;;;;;;;;;;;;;;
;;;;;;;;;;;;;;;;;;;;;;;;
;;;;;;;;;;;;;;;;;;;;;;;;
;;;;;;;;;;;;;;;;;;;;;;;;
;;;;;;;;;;;;;;;;;;;;;;;;
;;;;;;;;;;;;;;;;;;;;;;;;
;;;;;;;;;;;;;;;;;;;;;;;;
;;;;;;;;;;;;;;;;;;;;;;;;
;;;;;;;;;;;;;;;;;;;;;;;;
;;;;;;;;;;;;;;;;;;;;;;;;
;;;;;;;;;;;;;;;;;;;;;;;;
;;;;;;;;;;;;;;;;;;;;;;;;
;;;;;;;;;;;;;;;;;;;;;;;;
;;;;;;;;;;;;;;;;;;;;;;;;
;;;;;;;;;;;;;;;;;;;;;;;;
;;;;;;;;;;;;;;;;;;;;;;;;
;;;;;;;;;;;;;;;;;;;;;;;;
;;;;;;;;;;;;;;;;;;;;;;;;
;;;;;;;;;;;;;;;;;;;;;;;;
;;;;;;;;;;;;;;;;;;;;;;;;
;;;;;;;;;;;;;;;;;;;;;;;;
;;;;;;;;;;;;;;;;;;;;;;;;
;;;;;;;;;;;;;;;;;;;;;;;;
;;;;;;;;;;;;;;;;;;;;;;;;
;;;;;;;;;;;;;;;;;;;;;;;;
;;;;;;;;;;;;;;;;;;;;;;;;
;;;;;;;;;;;;;;;;;;;;;;;;
;;;;;;;;;;;;;;;;;;;;;;;;
;;;;;;;;;;;;;;;;;;;;;;;;
;;;;;;;;;;;;;;;;;;;;;;;;
;;;;;;;;;;;;;;;;;;;;;;;;
;;;;;;;;;;;;;;;;;;;;;;;;
;;;;;;;;;;;;;;;;;;;;;;;;
;;;;;;;;;;;;;;;;;;;;;;;;
;;;;;;;;;;;;;;;;;;;;;;;;
;;;;;;;;;;;;;;;;;;;;;;;;
;;;;;;;;;;;;;;;;;;;;;;;;
;;;;;;;;;;;;;;;;;;;;;;;;
;;;;;;;;;;;;;;;;;;;;;;;;
;;;;;;;;;;;;;;;;;;;;;;;;
;;;;;;;;;;;;;;;;;;;;;;;;
;;;;;;;;;;;;;;;;;;;;;;;;
;;;;;;;;;;;;;;;;;;;;;;;;
;;;;;;;;;;;;;;;;;;;;;;;;
;;;;;;;;;;;;;;;;;;;;;;;;
;;;;;;;;;;;;;;;;;;;;;;;;
;;;;;;;;;;;;;;;;;;;;;;;;
;;;;;;;;;;;;;;;;;;;;;;;;
;;;;;;;;;;;;;;;;;;;;;;;;
;;;;;;;;;;;;;;;;;;;;;;;;
;;;;;;;;;;;;;;;;;;;;;;;;
;;;;;;;;;;;;;;;;;;;;;;;;
;;;;;;;;;;;;;;;;;;;;;;;;
;;;;;;;;;;;;;;;;;;;;;;;;
;;;;;;;;;;;;;;;;;;;;;;;;
;;;;;;;;;;;;;;;;;;;;;;;;
;;;;;;;;;;;;;;;;;;;;;;;;
;;;;;;;;;;;;;;;;;;;;;;;;
;;;;;;;;;;;;;;;;;;;;;;;;
;;;;;;;;;;;;;;;;;;;;;;;;
;;;;;;;;;;;;;;;;;;;;;;;;
;;;;;;;;;;;;;;;;;;;;;;;;
;;;;;;;;;;;;;;;;;;;;;;;;
;;;;;;;;;;;;;;;;;;;;;;;;
;;;;;;;;;;;;;;;;;;;;;;;;
;;;;;;;;;;;;;;;;;;;;;;;;
;;;;;;;;;;;;;;;;;;;;;;;;
;;;;;;;;;;;;;;;;;;;;;;;;
;;;;;;;;;;;;;;;;;;;;;;;;
;;;;;;;;;;;;;;;;;;;;;;;;
;;;;;;;;;;;;;;;;;;;;;;;;
;;;;;;;;;;;;;;;;;;;;;;;;
;;;;;;;;;;;;;;;;;;;;;;;;
;;;;;;;;;;;;;;;;;;;;;;;;
;;;;;;;;;;;;;;;;;;;;;;;;
;;;;;;;;;;;;;;;;;;;;;;;;
;;;;;;;;;;;;;;;;;;;;;;;;
;;;;;;;;;;;;;;;;;;;;;;;;
;;;;;;;;;;;;;;;;;;;;;;;;
;;;;;;;;;;;;;;;;;;;;;;;;
;;;;;;;;;;;;;;;;;;;;;;;;
;;;;;;;;;;;;;;;;;;;;;;;;
;;;;;;;;;;;;;;;;;;;;;;;;
;;;;;;;;;;;;;;;;;;;;;;;;
;;;;;;;;;;;;;;;;;;;;;;;;
;;;;;;;;;;;;;;;;;;;;;;;;
;;;;;;;;;;;;;;;;;;;;;;;;
;;;;;;;;;;;;;;;;;;;;;;;;
;;;;;;;;;;;;;;;;;;;;;;;;
;;;;;;;;;;;;;;;;;;;;;;;;
;;;;;;;;;;;;;;;;;;;;;;;;
;;;;;;;;;;;;;;;;;;;;;;;;
;;;;;;;;;;;;;;;;;;;;;;;;
;;;;;;;;;;;;;;;;;;;;;;;;
;;;;;;;;;;;;;;;;;;;;;;;;
;;;;;;;;;;;;;;;;;;;;;;;;
;;;;;;;;;;;;;;;;;;;;;;;;
;;;;;;;;;;;;;;;;;;;;;;;;
;;;;;;;;;;;;;;;;;;;;;;;;
;;;;;;;;;;;;;;;;;;;;;;;;
;;;;;;;;;;;;;;;;;;;;;;;;
;;;;;;;;;;;;;;;;;;;;;;;;
;;;;;;;;;;;;;;;;;;;;;;;;
;;;;;;;;;;;;;;;;;;;;;;;;
;;;;;;;;;;;;;;;;;;;;;;;;
;;;;;;;;;;;;;;;;;;;;;;;;
;;;;;;;;;;;;;;;;;;;;;;;;
;;;;;;;;;;;;;;;;;;;;;;;;
;;;;;;;;;;;;;;;;;;;;;;;;
;;;;;;;;;;;;;;;;;;;;;;;;
;;;;;;;;;;;;;;;;;;;;;;;;
;;;;;;;;;;;;;;;;;;;;;;;;
;;;;;;;;;;;;;;;;;;;;;;;;
;;;;;;;;;;;;;;;;;;;;;;;;
;;;;;;;;;;;;;;;;;;;;;;;;
;;;;;;;;;;;;;;;;;;;;;;;;
;;;;;;;;;;;;;;;;;;;;;;;;
;;;;;;;;;;;;;;;;;;;;;;;;
;;;;;;;;;;;;;;;;;;;;;;;;
;;;;;;;;;;;;;;;;;;;;;;;;
;;;;;;;;;;;;;;;;;;;;;;;;
;;;;;;;;;;;;;;;;;;;;;;;;
;;;;;;;;;;;;;;;;;;;;;;;;
